periodo,horario,dia_semana,mes,data,tipicidade,atend_menos_30s,atend_mais_30s,abdn_menos_30s,abdn_mais_30s,ocupadas,oferecidas
1,0:00,Wed,Jan,1/1/2025,Tipico,10,2,0,0,0,34
2,0:30,Wed,Jan,1/1/2025,Tipico,15,0,0,0,0,42
3,1:00,Wed,Jan,1/1/2025,Atipico,16,3,2,0,0,50
4,1:30,Wed,Jan,1/1/2025,Tipico,19,1,0,0,0,36
5,2:00,Wed,Jan,1/1/2025,Tipico,5,0,0,0,0,12
6,2:30,Wed,Jan,1/1/2025,Tipico,4,0,0,0,0,9
7,3:00,Wed,Jan,1/1/2025,Tipico,5,0,0,0,0,22
8,3:30,Wed,Jan,1/1/2025,Tipico,2,0,0,0,0,5
9,4:00,Wed,Jan,1/1/2025,Tipico,0,0,0,0,0,5
10,4:30,Wed,Jan,1/1/2025,Tipico,3,0,0,0,0,9
11,5:00,Wed,Jan,1/1/2025,Tipico,1,0,0,0,0,6
12,5:30,Wed,Jan,1/1/2025,Tipico,4,0,0,0,0,16
13,6:00,Wed,Jan,1/1/2025,Tipico,16,0,0,0,0,39
14,6:30,Wed,Jan,1/1/2025,Tipico,22,0,0,0,0,64
15,7:00,Wed,Jan,1/1/2025,Tipico,19,0,0,0,0,89
16,7:30,Wed,Jan,1/1/2025,Tipico,53,0,0,0,0,124
17,8:00,Wed,Jan,1/1/2025,Tipico,45,0,0,0,0,125
18,8:30,Wed,Jan,1/1/2025,Tipico,49,0,0,0,0,155
19,9:00,Wed,Jan,1/1/2025,Tipico,74,0,0,0,0,180
20,9:30,Wed,Jan,1/1/2025,Tipico,59,0,0,0,0,160
21,10:00,Wed,Jan,1/1/2025,Tipico,61,0,0,0,0,164
22,10:30,Wed,Jan,1/1/2025,Tipico,54,0,0,0,0,144
23,11:00,Wed,Jan,1/1/2025,Tipico,59,0,0,0,0,141
24,11:30,Wed,Jan,1/1/2025,Tipico,51,0,0,0,0,135
25,12:00,Wed,Jan,1/1/2025,Tipico,37,0,0,0,0,107
26,12:30,Wed,Jan,1/1/2025,Tipico,42,0,0,0,0,110
27,13:00,Wed,Jan,1/1/2025,Tipico,40,0,0,0,0,121
28,13:30,Wed,Jan,1/1/2025,Tipico,48,0,0,0,0,168
29,14:00,Wed,Jan,1/1/2025,Tipico,78,0,0,0,0,228
30,14:30,Wed,Jan,1/1/2025,Tipico,95,0,0,0,0,357
31,15:00,Wed,Jan,1/1/2025,Tipico,95,0,0,0,0,329
32,15:30,Wed,Jan,1/1/2025,Tipico,127,0,0,0,0,497
33,16:00,Wed,Jan,1/1/2025,Tipico,172,0,1,0,0,617
34,16:30,Wed,Jan,1/1/2025,Tipico,175,0,0,0,0,677
35,17:00,Wed,Jan,1/1/2025,Tipico,256,0,1,0,0,806
36,17:30,Wed,Jan,1/1/2025,Tipico,272,0,1,0,0,953
37,18:00,Wed,Jan,1/1/2025,Tipico,285,0,0,0,0,957
38,18:30,Wed,Jan,1/1/2025,Tipico,290,0,1,0,0,928
39,19:00,Wed,Jan,1/1/2025,Tipico,284,0,0,0,0,887
40,19:30,Wed,Jan,1/1/2025,Tipico,242,18,8,12,0,964
41,20:00,Wed,Jan,1/1/2025,Tipico,138,56,25,72,0,777
42,20:30,Wed,Jan,1/1/2025,Tipico,91,54,22,41,0,530
43,21:00,Wed,Jan,1/1/2025,Tipico,92,26,4,9,0,377
44,21:30,Wed,Jan,1/1/2025,Tipico,75,17,2,1,0,282
45,22:00,Wed,Jan,1/1/2025,Tipico,72,15,3,6,0,221
46,22:30,Wed,Jan,1/1/2025,Tipico,63,19,2,0,0,199
47,23:00,Wed,Jan,1/1/2025,Tipico,37,10,3,3,0,179
48,23:30,Wed,Jan,1/1/2025,Tipico,35,9,0,0,0,108
1,0:00,Thu,Jan,1/2/2025,Tipico,27,6,0,0,0,96
2,0:30,Thu,Jan,1/2/2025,Tipico,17,0,0,0,0,40
3,1:00,Thu,Jan,1/2/2025,Atipico,15,8,0,0,0,47
4,1:30,Thu,Jan,1/2/2025,Tipico,12,0,0,0,0,41
5,2:00,Thu,Jan,1/2/2025,Atipico,11,2,0,0,0,37
6,2:30,Thu,Jan,1/2/2025,Atipico,11,0,0,0,0,18
7,3:00,Thu,Jan,1/2/2025,Tipico,10,1,0,0,0,20
8,3:30,Thu,Jan,1/2/2025,Atipico,14,0,0,0,0,27
9,4:00,Thu,Jan,1/2/2025,Tipico,8,0,0,0,0,19
10,4:30,Thu,Jan,1/2/2025,Tipico,5,0,0,0,0,17
11,5:00,Thu,Jan,1/2/2025,Tipico,11,0,0,0,0,40
12,5:30,Thu,Jan,1/2/2025,Atipico,20,8,1,1,0,79
13,6:00,Thu,Jan,1/2/2025,Tipico,37,0,0,0,0,135
14,6:30,Thu,Jan,1/2/2025,Tipico,59,0,0,0,0,171
15,7:00,Thu,Jan,1/2/2025,Tipico,95,0,0,0,0,250
16,7:30,Thu,Jan,1/2/2025,Tipico,125,0,0,0,0,326
17,8:00,Thu,Jan,1/2/2025,Tipico,192,1,1,1,0,489
18,8:30,Thu,Jan,1/2/2025,Tipico,247,0,1,0,0,546
19,9:00,Thu,Jan,1/2/2025,Tipico,269,0,0,0,0,608
20,9:30,Thu,Jan,1/2/2025,Tipico,325,0,0,0,0,707
21,10:00,Thu,Jan,1/2/2025,Tipico,388,1,0,0,0,789
22,10:30,Thu,Jan,1/2/2025,Tipico,358,0,0,0,0,821
23,11:00,Thu,Jan,1/2/2025,Tipico,434,0,0,0,0,909
24,11:30,Thu,Jan,1/2/2025,Tipico,351,0,0,0,0,769
25,12:00,Thu,Jan,1/2/2025,Tipico,331,0,0,0,0,689
26,12:30,Thu,Jan,1/2/2025,Tipico,308,0,0,0,0,656
27,13:00,Thu,Jan,1/2/2025,Tipico,297,1,0,0,0,685
28,13:30,Thu,Jan,1/2/2025,Tipico,366,0,1,0,0,816
29,14:00,Thu,Jan,1/2/2025,Tipico,370,0,1,0,0,766
30,14:30,Thu,Jan,1/2/2025,Tipico,354,1,0,0,0,831
31,15:00,Thu,Jan,1/2/2025,Tipico,357,1,0,0,0,885
32,15:30,Thu,Jan,1/2/2025,Tipico,351,2,1,0,0,854
33,16:00,Thu,Jan,1/2/2025,Tipico,428,0,1,0,0,1052
34,16:30,Thu,Jan,1/2/2025,Tipico,417,0,1,0,0,1102
35,17:00,Thu,Jan,1/2/2025,Tipico,385,0,0,0,0,982
36,17:30,Thu,Jan,1/2/2025,Tipico,392,0,0,0,0,956
37,18:00,Thu,Jan,1/2/2025,Tipico,398,0,1,0,0,1005
38,18:30,Thu,Jan,1/2/2025,Tipico,347,1,0,0,0,993
39,19:00,Thu,Jan,1/2/2025,Tipico,441,1,0,0,0,1089
40,19:30,Thu,Jan,1/2/2025,Tipico,392,3,7,1,0,1109
41,20:00,Thu,Jan,1/2/2025,Atipico,373,15,2,1,0,966
42,20:30,Thu,Jan,1/2/2025,Tipico,261,0,0,0,0,613
43,21:00,Thu,Jan,1/2/2025,Tipico,217,1,1,0,0,511
44,21:30,Thu,Jan,1/2/2025,Tipico,153,0,1,0,0,399
45,22:00,Thu,Jan,1/2/2025,Tipico,102,0,0,0,0,276
46,22:30,Thu,Jan,1/2/2025,Tipico,85,0,0,0,0,226
47,23:00,Thu,Jan,1/2/2025,Tipico,75,0,0,0,0,156
48,23:30,Thu,Jan,1/2/2025,Tipico,36,0,0,0,0,84
1,0:00,Fri,Jan,1/3/2025,Tipico,17,0,0,0,0,56
2,0:30,Fri,Jan,1/3/2025,Tipico,15,0,0,0,0,45
3,1:00,Fri,Jan,1/3/2025,Tipico,19,0,0,0,0,29
4,1:30,Fri,Jan,1/3/2025,Tipico,10,0,0,0,0,22
5,2:00,Fri,Jan,1/3/2025,Tipico,5,0,0,0,0,22
6,2:30,Fri,Jan,1/3/2025,Tipico,14,0,0,0,0,25
7,3:00,Fri,Jan,1/3/2025,Tipico,5,0,0,0,0,9
8,3:30,Fri,Jan,1/3/2025,Tipico,1,0,0,0,0,4
9,4:00,Fri,Jan,1/3/2025,Tipico,8,0,0,0,0,19
10,4:30,Fri,Jan,1/3/2025,Tipico,6,0,0,0,0,15
11,5:00,Fri,Jan,1/3/2025,Tipico,7,0,0,0,0,22
12,5:30,Fri,Jan,1/3/2025,Tipico,14,0,0,0,0,42
13,6:00,Fri,Jan,1/3/2025,Tipico,24,0,0,0,0,85
14,6:30,Fri,Jan,1/3/2025,Tipico,47,0,0,0,0,142
15,7:00,Fri,Jan,1/3/2025,Tipico,78,0,0,0,0,207
16,7:30,Fri,Jan,1/3/2025,Tipico,115,0,0,0,0,285
17,8:00,Fri,Jan,1/3/2025,Tipico,220,1,0,0,0,501
18,8:30,Fri,Jan,1/3/2025,Tipico,275,1,1,0,0,578
19,9:00,Fri,Jan,1/3/2025,Tipico,311,1,0,0,0,682
20,9:30,Fri,Jan,1/3/2025,Tipico,353,0,0,0,0,723
21,10:00,Fri,Jan,1/3/2025,Tipico,341,0,0,1,0,757
22,10:30,Fri,Jan,1/3/2025,Tipico,403,0,0,0,0,832
23,11:00,Fri,Jan,1/3/2025,Tipico,370,0,0,0,0,783
24,11:30,Fri,Jan,1/3/2025,Tipico,384,0,0,0,0,779
25,12:00,Fri,Jan,1/3/2025,Tipico,391,0,0,0,0,726
26,12:30,Fri,Jan,1/3/2025,Tipico,315,0,0,0,0,629
27,13:00,Fri,Jan,1/3/2025,Tipico,309,1,1,0,0,619
28,13:30,Fri,Jan,1/3/2025,Tipico,341,0,0,0,0,680
29,14:00,Fri,Jan,1/3/2025,Tipico,292,0,2,0,0,622
30,14:30,Fri,Jan,1/3/2025,Tipico,314,0,3,1,0,667
31,15:00,Fri,Jan,1/3/2025,Tipico,282,0,1,0,0,638
32,15:30,Fri,Jan,1/3/2025,Tipico,334,0,0,0,0,716
33,16:00,Fri,Jan,1/3/2025,Tipico,313,0,1,0,0,683
34,16:30,Fri,Jan,1/3/2025,Tipico,338,0,0,0,0,699
35,17:00,Fri,Jan,1/3/2025,Tipico,324,0,0,0,0,634
36,17:30,Fri,Jan,1/3/2025,Tipico,271,0,0,0,0,578
37,18:00,Fri,Jan,1/3/2025,Tipico,254,0,0,0,0,586
38,18:30,Fri,Jan,1/3/2025,Tipico,206,0,0,0,0,504
39,19:00,Fri,Jan,1/3/2025,Tipico,205,2,0,0,0,530
40,19:30,Fri,Jan,1/3/2025,Tipico,203,1,0,0,0,451
41,20:00,Fri,Jan,1/3/2025,Tipico,152,0,0,0,0,406
42,20:30,Fri,Jan,1/3/2025,Tipico,114,0,0,0,0,271
43,21:00,Fri,Jan,1/3/2025,Tipico,94,0,0,0,0,248
44,21:30,Fri,Jan,1/3/2025,Tipico,94,0,0,0,0,319
45,22:00,Fri,Jan,1/3/2025,Tipico,96,0,0,0,0,253
46,22:30,Fri,Jan,1/3/2025,Tipico,55,0,0,0,0,155
47,23:00,Fri,Jan,1/3/2025,Tipico,42,0,0,0,0,113
48,23:30,Fri,Jan,1/3/2025,Tipico,35,0,0,0,0,91
1,0:00,Sat,Jan,1/4/2025,Tipico,18,2,0,1,0,64
2,0:30,Sat,Jan,1/4/2025,Tipico,11,6,1,3,0,45
3,1:00,Sat,Jan,1/4/2025,Tipico,10,0,0,0,0,19
4,1:30,Sat,Jan,1/4/2025,Tipico,5,0,0,0,0,14
5,2:00,Sat,Jan,1/4/2025,Tipico,3,0,0,0,0,9
6,2:30,Sat,Jan,1/4/2025,Tipico,2,0,0,0,0,8
7,3:00,Sat,Jan,1/4/2025,Tipico,4,0,0,0,0,9
8,3:30,Sat,Jan,1/4/2025,Tipico,2,0,0,0,0,5
9,4:00,Sat,Jan,1/4/2025,Tipico,4,0,0,0,0,19
10,4:30,Sat,Jan,1/4/2025,Tipico,5,0,0,0,0,30
11,5:00,Sat,Jan,1/4/2025,Tipico,5,0,0,0,0,16
12,5:30,Sat,Jan,1/4/2025,Tipico,4,0,0,0,0,24
13,6:00,Sat,Jan,1/4/2025,Tipico,14,0,0,0,0,47
14,6:30,Sat,Jan,1/4/2025,Tipico,43,0,0,0,0,95
15,7:00,Sat,Jan,1/4/2025,Tipico,35,0,0,0,0,137
16,7:30,Sat,Jan,1/4/2025,Tipico,75,0,0,0,0,212
17,8:00,Sat,Jan,1/4/2025,Tipico,126,0,0,0,0,291
18,8:30,Sat,Jan,1/4/2025,Tipico,159,0,1,0,0,347
19,9:00,Sat,Jan,1/4/2025,Tipico,188,0,0,0,0,385
20,9:30,Sat,Jan,1/4/2025,Tipico,196,0,0,0,0,404
21,10:00,Sat,Jan,1/4/2025,Tipico,193,0,0,0,0,416
22,10:30,Sat,Jan,1/4/2025,Tipico,187,0,0,0,0,419
23,11:00,Sat,Jan,1/4/2025,Tipico,195,0,0,0,0,409
24,11:30,Sat,Jan,1/4/2025,Tipico,171,0,0,0,0,372
25,12:00,Sat,Jan,1/4/2025,Tipico,167,1,0,0,0,427
26,12:30,Sat,Jan,1/4/2025,Tipico,143,0,0,0,0,342
27,13:00,Sat,Jan,1/4/2025,Tipico,157,0,0,0,0,352
28,13:30,Sat,Jan,1/4/2025,Tipico,172,0,0,0,0,364
29,14:00,Sat,Jan,1/4/2025,Tipico,123,1,0,0,0,303
30,14:30,Sat,Jan,1/4/2025,Tipico,129,0,0,0,0,307
31,15:00,Sat,Jan,1/4/2025,Tipico,130,0,0,0,0,311
32,15:30,Sat,Jan,1/4/2025,Tipico,119,0,0,0,0,265
33,16:00,Sat,Jan,1/4/2025,Tipico,119,0,0,0,0,257
34,16:30,Sat,Jan,1/4/2025,Tipico,108,0,0,0,0,254
35,17:00,Sat,Jan,1/4/2025,Tipico,113,0,1,1,0,250
36,17:30,Sat,Jan,1/4/2025,Tipico,98,0,0,0,0,238
37,18:00,Sat,Jan,1/4/2025,Tipico,87,0,0,0,0,211
38,18:30,Sat,Jan,1/4/2025,Tipico,111,0,0,0,0,275
39,19:00,Sat,Jan,1/4/2025,Tipico,125,0,0,0,0,288
40,19:30,Sat,Jan,1/4/2025,Tipico,118,0,0,0,0,310
41,20:00,Sat,Jan,1/4/2025,Tipico,88,0,0,0,0,214
42,20:30,Sat,Jan,1/4/2025,Tipico,80,0,0,0,0,206
43,21:00,Sat,Jan,1/4/2025,Tipico,93,0,0,0,0,253
44,21:30,Sat,Jan,1/4/2025,Tipico,78,0,0,0,0,179
45,22:00,Sat,Jan,1/4/2025,Tipico,47,0,0,0,0,111
46,22:30,Sat,Jan,1/4/2025,Tipico,50,0,1,0,0,150
47,23:00,Sat,Jan,1/4/2025,Tipico,38,0,0,0,0,95
48,23:30,Sat,Jan,1/4/2025,Tipico,35,0,0,0,0,88
1,0:00,Sun,Jan,1/5/2025,Tipico,16,0,0,0,0,46
2,0:30,Sun,Jan,1/5/2025,Tipico,9,0,0,0,0,25
3,1:00,Sun,Jan,1/5/2025,Tipico,5,0,0,0,0,12
4,1:30,Sun,Jan,1/5/2025,Tipico,2,0,0,0,0,12
5,2:00,Sun,Jan,1/5/2025,Tipico,3,0,0,0,0,9
6,2:30,Sun,Jan,1/5/2025,Tipico,6,0,0,0,0,12
7,3:00,Sun,Jan,1/5/2025,Tipico,2,0,0,0,0,12
8,3:30,Sun,Jan,1/5/2025,Tipico,4,0,0,0,0,5
9,4:00,Sun,Jan,1/5/2025,Tipico,2,0,0,0,0,10
10,4:30,Sun,Jan,1/5/2025,Tipico,0,0,0,0,0,2
11,5:00,Sun,Jan,1/5/2025,Tipico,2,0,0,0,0,9
12,5:30,Sun,Jan,1/5/2025,Tipico,9,0,0,0,0,17
13,6:00,Sun,Jan,1/5/2025,Tipico,9,0,0,0,0,38
14,6:30,Sun,Jan,1/5/2025,Tipico,20,0,0,0,0,64
15,7:00,Sun,Jan,1/5/2025,Tipico,27,0,0,0,0,103
16,7:30,Sun,Jan,1/5/2025,Tipico,36,0,0,0,0,117
17,8:00,Sun,Jan,1/5/2025,Tipico,66,0,0,0,0,181
18,8:30,Sun,Jan,1/5/2025,Tipico,67,0,0,0,0,187
19,9:00,Sun,Jan,1/5/2025,Tipico,97,0,0,0,0,223
20,9:30,Sun,Jan,1/5/2025,Tipico,95,0,1,0,0,230
21,10:00,Sun,Jan,1/5/2025,Tipico,77,0,0,0,0,205
22,10:30,Sun,Jan,1/5/2025,Tipico,88,0,0,0,0,199
23,11:00,Sun,Jan,1/5/2025,Tipico,85,0,0,0,0,183
24,11:30,Sun,Jan,1/5/2025,Tipico,77,0,0,0,0,204
25,12:00,Sun,Jan,1/5/2025,Tipico,74,0,0,0,0,180
26,12:30,Sun,Jan,1/5/2025,Tipico,77,0,0,0,0,168
27,13:00,Sun,Jan,1/5/2025,Tipico,65,0,0,0,0,155
28,13:30,Sun,Jan,1/5/2025,Tipico,77,0,0,0,0,210
29,14:00,Sun,Jan,1/5/2025,Tipico,70,1,0,0,0,178
30,14:30,Sun,Jan,1/5/2025,Tipico,59,1,0,0,0,158
31,15:00,Sun,Jan,1/5/2025,Tipico,47,0,0,0,0,119
32,15:30,Sun,Jan,1/5/2025,Tipico,70,1,0,0,0,146
33,16:00,Sun,Jan,1/5/2025,Tipico,48,0,0,0,0,157
34,16:30,Sun,Jan,1/5/2025,Tipico,51,0,0,0,0,155
35,17:00,Sun,Jan,1/5/2025,Tipico,85,1,0,0,0,206
36,17:30,Sun,Jan,1/5/2025,Tipico,77,0,0,0,0,188
37,18:00,Sun,Jan,1/5/2025,Tipico,61,0,0,0,0,167
38,18:30,Sun,Jan,1/5/2025,Tipico,69,0,0,0,0,156
39,19:00,Sun,Jan,1/5/2025,Tipico,68,0,0,0,0,189
40,19:30,Sun,Jan,1/5/2025,Tipico,72,0,0,0,0,166
41,20:00,Sun,Jan,1/5/2025,Tipico,63,0,0,0,0,134
42,20:30,Sun,Jan,1/5/2025,Tipico,55,0,0,0,0,137
43,21:00,Sun,Jan,1/5/2025,Tipico,53,2,0,0,0,134
44,21:30,Sun,Jan,1/5/2025,Tipico,43,0,0,0,0,108
45,22:00,Sun,Jan,1/5/2025,Tipico,48,0,0,0,0,132
46,22:30,Sun,Jan,1/5/2025,Tipico,24,0,0,0,0,78
47,23:00,Sun,Jan,1/5/2025,Tipico,20,0,0,0,0,54
48,23:30,Sun,Jan,1/5/2025,Tipico,9,0,0,0,0,24
1,0:00,Mon,Jan,1/6/2025,Tipico,6,0,0,0,0,25
2,0:30,Mon,Jan,1/6/2025,Tipico,3,0,0,0,0,12
3,1:00,Mon,Jan,1/6/2025,Tipico,4,0,0,0,0,12
4,1:30,Mon,Jan,1/6/2025,Tipico,0,0,0,0,0,6
5,2:00,Mon,Jan,1/6/2025,Tipico,4,0,0,0,0,13
6,2:30,Mon,Jan,1/6/2025,Tipico,1,0,0,0,0,8
7,3:00,Mon,Jan,1/6/2025,Tipico,2,0,0,0,0,6
8,3:30,Mon,Jan,1/6/2025,Tipico,4,0,0,0,0,28
9,4:00,Mon,Jan,1/6/2025,Tipico,6,0,0,0,0,21
10,4:30,Mon,Jan,1/6/2025,Atipico,8,0,0,0,0,19
11,5:00,Mon,Jan,1/6/2025,Tipico,4,0,0,0,0,18
12,5:30,Mon,Jan,1/6/2025,Tipico,10,0,0,0,0,30
13,6:00,Mon,Jan,1/6/2025,Tipico,21,0,0,0,0,60
14,6:30,Mon,Jan,1/6/2025,Tipico,36,1,0,0,0,98
15,7:00,Mon,Jan,1/6/2025,Tipico,64,0,0,0,0,164
16,7:30,Mon,Jan,1/6/2025,Tipico,118,0,0,0,0,292
17,8:00,Mon,Jan,1/6/2025,Tipico,232,1,0,0,0,507
18,8:30,Mon,Jan,1/6/2025,Tipico,342,0,0,0,0,686
19,9:00,Mon,Jan,1/6/2025,Tipico,350,55,12,18,0,908
20,9:30,Mon,Jan,1/6/2025,Tipico,296,138,15,19,0,821
21,10:00,Mon,Jan,1/6/2025,Tipico,477,9,1,0,0,928
22,10:30,Mon,Jan,1/6/2025,Tipico,491,0,0,0,0,973
23,11:00,Mon,Jan,1/6/2025,Tipico,461,25,9,9,0,1037
24,11:30,Mon,Jan,1/6/2025,Tipico,430,45,2,3,0,932
25,12:00,Mon,Jan,1/6/2025,Tipico,395,3,1,0,0,851
26,12:30,Mon,Jan,1/6/2025,Tipico,440,1,0,0,0,858
27,13:00,Mon,Jan,1/6/2025,Tipico,386,0,0,1,0,765
28,13:30,Mon,Jan,1/6/2025,Tipico,411,0,0,0,0,838
29,14:00,Mon,Jan,1/6/2025,Tipico,409,3,1,0,0,807
30,14:30,Mon,Jan,1/6/2025,Tipico,452,4,2,0,0,882
31,15:00,Mon,Jan,1/6/2025,Tipico,446,5,0,0,0,911
32,15:30,Mon,Jan,1/6/2025,Tipico,348,56,7,14,0,933
33,16:00,Mon,Jan,1/6/2025,Tipico,366,52,8,17,0,937
34,16:30,Mon,Jan,1/6/2025,Tipico,316,81,11,26,0,893
35,17:00,Mon,Jan,1/6/2025,Tipico,286,107,21,29,0,873
36,17:30,Mon,Jan,1/6/2025,Tipico,320,50,5,14,0,749
37,18:00,Mon,Jan,1/6/2025,Tipico,335,10,1,0,0,693
38,18:30,Mon,Jan,1/6/2025,Tipico,280,0,0,0,0,635
39,19:00,Mon,Jan,1/6/2025,Tipico,259,0,0,0,0,571
40,19:30,Mon,Jan,1/6/2025,Tipico,288,0,0,0,0,645
41,20:00,Mon,Jan,1/6/2025,Tipico,229,0,0,0,0,472
42,20:30,Mon,Jan,1/6/2025,Tipico,154,1,0,0,0,349
43,21:00,Mon,Jan,1/6/2025,Tipico,130,1,1,0,0,277
44,21:30,Mon,Jan,1/6/2025,Tipico,73,0,0,0,0,196
45,22:00,Mon,Jan,1/6/2025,Tipico,77,0,0,0,0,155
46,22:30,Mon,Jan,1/6/2025,Tipico,58,0,0,0,0,130
47,23:00,Mon,Jan,1/6/2025,Tipico,44,0,0,0,0,104
48,23:30,Mon,Jan,1/6/2025,Tipico,35,0,0,0,0,101
1,0:00,Tue,Jan,1/7/2025,Tipico,10,0,0,0,0,21
2,0:30,Tue,Jan,1/7/2025,Tipico,14,0,0,0,0,34
3,1:00,Tue,Jan,1/7/2025,Tipico,6,0,0,0,0,45
4,1:30,Tue,Jan,1/7/2025,Atipico,23,0,0,0,0,70
5,2:00,Tue,Jan,1/7/2025,Tipico,5,0,0,0,0,25
6,2:30,Tue,Jan,1/7/2025,Tipico,7,0,0,0,0,13
7,3:00,Tue,Jan,1/7/2025,Tipico,3,0,0,0,0,8
8,3:30,Tue,Jan,1/7/2025,Tipico,4,0,0,0,0,9
9,4:00,Tue,Jan,1/7/2025,Tipico,2,0,0,0,0,10
10,4:30,Tue,Jan,1/7/2025,Tipico,6,0,0,0,0,14
11,5:00,Tue,Jan,1/7/2025,Tipico,6,0,0,0,0,23
12,5:30,Tue,Jan,1/7/2025,Tipico,21,0,0,0,0,58
13,6:00,Tue,Jan,1/7/2025,Tipico,24,0,0,0,0,98
14,6:30,Tue,Jan,1/7/2025,Tipico,38,0,0,0,0,119
15,7:00,Tue,Jan,1/7/2025,Tipico,70,0,0,0,0,216
16,7:30,Tue,Jan,1/7/2025,Tipico,102,0,0,0,0,265
17,8:00,Tue,Jan,1/7/2025,Tipico,205,0,0,0,0,482
18,8:30,Tue,Jan,1/7/2025,Tipico,290,0,1,0,0,632
19,9:00,Tue,Jan,1/7/2025,Tipico,330,17,1,3,0,700
20,9:30,Tue,Jan,1/7/2025,Tipico,221,118,20,33,0,865
21,10:00,Tue,Jan,1/7/2025,Tipico,368,52,5,17,0,922
22,10:30,Tue,Jan,1/7/2025,Tipico,407,59,4,11,0,886
23,11:00,Tue,Jan,1/7/2025,Tipico,448,26,2,5,0,956
24,11:30,Tue,Jan,1/7/2025,Tipico,452,16,4,12,0,954
25,12:00,Tue,Jan,1/7/2025,Tipico,427,6,1,0,0,876
26,12:30,Tue,Jan,1/7/2025,Tipico,402,0,1,0,0,835
27,13:00,Tue,Jan,1/7/2025,Tipico,386,5,0,0,0,853
28,13:30,Tue,Jan,1/7/2025,Tipico,359,47,6,23,0,912
29,14:00,Tue,Jan,1/7/2025,Tipico,380,26,3,3,0,793
30,14:30,Tue,Jan,1/7/2025,Tipico,393,1,1,0,0,842
31,15:00,Tue,Jan,1/7/2025,Tipico,393,26,9,23,0,959
32,15:30,Tue,Jan,1/7/2025,Tipico,294,110,24,41,0,1038
33,16:00,Tue,Jan,1/7/2025,Tipico,281,124,21,40,0,920
34,16:30,Tue,Jan,1/7/2025,Tipico,239,137,19,66,0,857
35,17:00,Tue,Jan,1/7/2025,Tipico,323,54,11,29,0,897
36,17:30,Tue,Jan,1/7/2025,Tipico,337,47,7,15,0,885
37,18:00,Tue,Jan,1/7/2025,Tipico,272,51,7,35,0,816
38,18:30,Tue,Jan,1/7/2025,Tipico,280,47,4,5,0,710
39,19:00,Tue,Jan,1/7/2025,Tipico,276,4,0,1,0,691
40,19:30,Tue,Jan,1/7/2025,Tipico,242,20,0,3,0,666
41,20:00,Tue,Jan,1/7/2025,Tipico,228,3,0,2,0,536
42,20:30,Tue,Jan,1/7/2025,Tipico,178,16,2,5,0,437
43,21:00,Tue,Jan,1/7/2025,Tipico,139,7,1,0,0,392
44,21:30,Tue,Jan,1/7/2025,Tipico,121,3,0,0,0,256
45,22:00,Tue,Jan,1/7/2025,Tipico,116,0,0,0,0,465
46,22:30,Tue,Jan,1/7/2025,Tipico,53,0,0,0,0,148
47,23:00,Tue,Jan,1/7/2025,Atipico,73,0,0,0,0,262
48,23:30,Tue,Jan,1/7/2025,Atipico,65,2,0,0,0,134
1,0:00,Wed,Jan,1/8/2025,Tipico,17,0,0,0,0,43
2,0:30,Wed,Jan,1/8/2025,Tipico,14,0,0,0,0,102
3,1:00,Wed,Jan,1/8/2025,Atipico,34,30,17,66,0,548
4,1:30,Wed,Jan,1/8/2025,Atipico,43,34,9,36,0,303
5,2:00,Wed,Jan,1/8/2025,Atipico,16,0,0,0,0,31
6,2:30,Wed,Jan,1/8/2025,Tipico,3,0,0,0,0,12
7,3:00,Wed,Jan,1/8/2025,Tipico,1,0,0,0,0,7
8,3:30,Wed,Jan,1/8/2025,Tipico,3,0,0,0,0,8
9,4:00,Wed,Jan,1/8/2025,Tipico,1,0,0,0,0,4
10,4:30,Wed,Jan,1/8/2025,Tipico,1,0,0,0,0,5
11,5:00,Wed,Jan,1/8/2025,Tipico,6,0,0,0,0,21
12,5:30,Wed,Jan,1/8/2025,Tipico,3,0,0,0,0,18
13,6:00,Wed,Jan,1/8/2025,Tipico,27,0,0,0,0,67
14,6:30,Wed,Jan,1/8/2025,Tipico,59,0,0,0,0,110
15,7:00,Wed,Jan,1/8/2025,Tipico,76,0,0,0,0,187
16,7:30,Wed,Jan,1/8/2025,Tipico,108,0,0,0,0,262
17,8:00,Wed,Jan,1/8/2025,Tipico,201,0,0,0,0,489
18,8:30,Wed,Jan,1/8/2025,Tipico,287,8,0,2,0,592
19,9:00,Wed,Jan,1/8/2025,Tipico,314,32,3,10,0,725
20,9:30,Wed,Jan,1/8/2025,Tipico,329,40,7,26,0,858
21,10:00,Wed,Jan,1/8/2025,Tipico,442,63,9,48,0,919
22,10:30,Wed,Jan,1/8/2025,Tipico,478,25,0,3,0,810
23,11:00,Wed,Jan,1/8/2025,Tipico,394,10,2,4,0,852
24,11:30,Wed,Jan,1/8/2025,Tipico,338,60,11,43,0,906
25,12:00,Wed,Jan,1/8/2025,Tipico,372,43,0,13,0,754
26,12:30,Wed,Jan,1/8/2025,Tipico,381,3,1,0,0,749
27,13:00,Wed,Jan,1/8/2025,Tipico,413,0,0,0,0,784
28,13:30,Wed,Jan,1/8/2025,Tipico,402,0,2,0,0,793
29,14:00,Wed,Jan,1/8/2025,Tipico,452,0,2,0,0,952
30,14:30,Wed,Jan,1/8/2025,Tipico,391,0,0,0,0,851
31,15:00,Wed,Jan,1/8/2025,Tipico,471,10,2,6,0,918
32,15:30,Wed,Jan,1/8/2025,Tipico,379,55,2,20,0,834
33,16:00,Wed,Jan,1/8/2025,Tipico,338,34,13,26,0,835
34,16:30,Wed,Jan,1/8/2025,Tipico,309,55,11,40,0,835
35,17:00,Wed,Jan,1/8/2025,Tipico,238,81,16,74,0,892
36,17:30,Wed,Jan,1/8/2025,Tipico,229,95,10,44,0,758
37,18:00,Wed,Jan,1/8/2025,Tipico,274,75,10,41,0,836
38,18:30,Wed,Jan,1/8/2025,Tipico,294,41,3,1,0,721
39,19:00,Wed,Jan,1/8/2025,Tipico,262,24,7,9,0,733
40,19:30,Wed,Jan,1/8/2025,Tipico,235,38,5,15,0,730
41,20:00,Wed,Jan,1/8/2025,Tipico,252,30,0,2,0,650
42,20:30,Wed,Jan,1/8/2025,Tipico,177,32,7,7,0,602
43,21:00,Wed,Jan,1/8/2025,Tipico,140,34,4,7,0,442
44,21:30,Wed,Jan,1/8/2025,Tipico,145,15,0,1,0,333
45,22:00,Wed,Jan,1/8/2025,Tipico,79,0,0,0,0,193
46,22:30,Wed,Jan,1/8/2025,Tipico,65,0,0,0,0,144
47,23:00,Wed,Jan,1/8/2025,Tipico,44,0,0,0,0,94
48,23:30,Wed,Jan,1/8/2025,Tipico,28,0,0,0,0,74
1,0:00,Thu,Jan,1/9/2025,Tipico,23,2,0,0,0,53
2,0:30,Thu,Jan,1/9/2025,Tipico,14,0,0,0,0,35
3,1:00,Thu,Jan,1/9/2025,Tipico,7,0,0,0,0,26
4,1:30,Thu,Jan,1/9/2025,Tipico,6,0,0,0,0,12
5,2:00,Thu,Jan,1/9/2025,Tipico,6,0,0,0,0,20
6,2:30,Thu,Jan,1/9/2025,Tipico,7,0,0,0,0,10
7,3:00,Thu,Jan,1/9/2025,Tipico,5,0,0,0,0,15
8,3:30,Thu,Jan,1/9/2025,Tipico,5,0,0,0,0,12
9,4:00,Thu,Jan,1/9/2025,Tipico,3,0,0,0,0,13
10,4:30,Thu,Jan,1/9/2025,Tipico,4,0,0,0,0,17
11,5:00,Thu,Jan,1/9/2025,Tipico,5,0,0,0,0,11
12,5:30,Thu,Jan,1/9/2025,Tipico,13,0,0,0,0,37
13,6:00,Thu,Jan,1/9/2025,Tipico,32,0,0,0,0,107
14,6:30,Thu,Jan,1/9/2025,Tipico,45,0,0,0,0,134
15,7:00,Thu,Jan,1/9/2025,Tipico,63,0,0,0,0,189
16,7:30,Thu,Jan,1/9/2025,Tipico,110,0,0,0,0,245
17,8:00,Thu,Jan,1/9/2025,Tipico,186,1,2,0,0,386
18,8:30,Thu,Jan,1/9/2025,Tipico,281,16,5,4,0,636
19,9:00,Thu,Jan,1/9/2025,Tipico,270,46,7,19,0,720
20,9:30,Thu,Jan,1/9/2025,Tipico,240,101,20,56,0,754
21,10:00,Thu,Jan,1/9/2025,Tipico,363,50,8,16,0,762
22,10:30,Thu,Jan,1/9/2025,Tipico,416,11,1,0,0,798
23,11:00,Thu,Jan,1/9/2025,Tipico,380,24,8,26,0,918
24,11:30,Thu,Jan,1/9/2025,Tipico,412,49,3,18,0,826
25,12:00,Thu,Jan,1/9/2025,Tipico,374,5,0,0,0,789
26,12:30,Thu,Jan,1/9/2025,Tipico,360,5,0,0,0,730
27,13:00,Thu,Jan,1/9/2025,Tipico,341,1,2,0,0,665
28,13:30,Thu,Jan,1/9/2025,Tipico,303,42,2,30,0,746
29,14:00,Thu,Jan,1/9/2025,Tipico,353,41,2,9,0,802
30,14:30,Thu,Jan,1/9/2025,Tipico,331,43,9,29,0,843
31,15:00,Thu,Jan,1/9/2025,Tipico,342,50,7,41,0,825
32,15:30,Thu,Jan,1/9/2025,Tipico,306,70,12,48,0,853
33,16:00,Thu,Jan,1/9/2025,Tipico,330,63,13,56,0,896
34,16:30,Thu,Jan,1/9/2025,Tipico,261,114,16,60,0,856
35,17:00,Thu,Jan,1/9/2025,Tipico,310,65,12,35,0,788
36,17:30,Thu,Jan,1/9/2025,Tipico,320,32,6,9,0,702
37,18:00,Thu,Jan,1/9/2025,Tipico,339,2,0,0,0,688
38,18:30,Thu,Jan,1/9/2025,Tipico,289,0,1,0,0,629
39,19:00,Thu,Jan,1/9/2025,Tipico,289,0,1,0,0,601
40,19:30,Thu,Jan,1/9/2025,Tipico,204,3,0,0,0,512
41,20:00,Thu,Jan,1/9/2025,Tipico,186,15,0,6,0,455
42,20:30,Thu,Jan,1/9/2025,Tipico,163,4,0,0,0,327
43,21:00,Thu,Jan,1/9/2025,Tipico,127,7,0,0,0,303
44,21:30,Thu,Jan,1/9/2025,Tipico,95,0,0,0,0,232
45,22:00,Thu,Jan,1/9/2025,Tipico,73,0,0,0,0,175
46,22:30,Thu,Jan,1/9/2025,Tipico,63,0,0,0,0,126
47,23:00,Thu,Jan,1/9/2025,Tipico,29,0,0,0,0,55
48,23:30,Thu,Jan,1/9/2025,Tipico,15,0,0,0,0,31
1,0:00,Fri,Jan,1/10/2025,Tipico,12,0,0,0,0,21
2,0:30,Fri,Jan,1/10/2025,Tipico,6,0,0,0,0,22
3,1:00,Fri,Jan,1/10/2025,Tipico,7,0,0,0,0,14
4,1:30,Fri,Jan,1/10/2025,Tipico,5,0,0,0,0,20
5,2:00,Fri,Jan,1/10/2025,Tipico,11,0,0,0,0,21
6,2:30,Fri,Jan,1/10/2025,Tipico,5,0,0,0,0,19
7,3:00,Fri,Jan,1/10/2025,Tipico,4,0,0,0,0,7
8,3:30,Fri,Jan,1/10/2025,Tipico,4,0,0,0,0,12
9,4:00,Fri,Jan,1/10/2025,Tipico,0,0,0,0,0,5
10,4:30,Fri,Jan,1/10/2025,Tipico,4,0,0,0,0,13
11,5:00,Fri,Jan,1/10/2025,Tipico,2,0,0,0,0,14
12,5:30,Fri,Jan,1/10/2025,Tipico,12,0,0,0,0,23
13,6:00,Fri,Jan,1/10/2025,Tipico,22,0,0,0,0,85
14,6:30,Fri,Jan,1/10/2025,Tipico,35,0,0,0,0,108
15,7:00,Fri,Jan,1/10/2025,Tipico,53,0,0,0,0,168
16,7:30,Fri,Jan,1/10/2025,Tipico,86,0,0,0,0,225
17,8:00,Fri,Jan,1/10/2025,Tipico,172,0,1,1,0,407
18,8:30,Fri,Jan,1/10/2025,Tipico,247,18,0,3,0,517
19,9:00,Fri,Jan,1/10/2025,Tipico,265,39,5,19,0,698
20,9:30,Fri,Jan,1/10/2025,Tipico,338,27,1,2,0,686
21,10:00,Fri,Jan,1/10/2025,Tipico,371,18,4,4,0,712
22,10:30,Fri,Jan,1/10/2025,Tipico,382,13,2,0,0,796
23,11:00,Fri,Jan,1/10/2025,Tipico,350,23,2,6,0,729
24,11:30,Fri,Jan,1/10/2025,Tipico,332,2,0,0,0,656
25,12:00,Fri,Jan,1/10/2025,Tipico,280,1,4,2,0,581
26,12:30,Fri,Jan,1/10/2025,Tipico,280,0,7,2,0,535
27,13:00,Fri,Jan,1/10/2025,Tipico,273,0,0,0,0,540
28,13:30,Fri,Jan,1/10/2025,Tipico,297,0,1,0,0,558
29,14:00,Fri,Jan,1/10/2025,Tipico,288,0,1,0,0,592
30,14:30,Fri,Jan,1/10/2025,Tipico,292,2,2,1,0,558
31,15:00,Fri,Jan,1/10/2025,Tipico,308,13,3,3,0,603
32,15:30,Fri,Jan,1/10/2025,Tipico,284,3,1,0,0,571
33,16:00,Fri,Jan,1/10/2025,Tipico,318,3,1,1,0,629
34,16:30,Fri,Jan,1/10/2025,Tipico,293,10,2,0,0,634
35,17:00,Fri,Jan,1/10/2025,Tipico,327,14,0,1,0,642
36,17:30,Fri,Jan,1/10/2025,Tipico,231,1,0,0,0,505
37,18:00,Fri,Jan,1/10/2025,Tipico,221,0,0,0,0,426
38,18:30,Fri,Jan,1/10/2025,Tipico,203,0,0,0,0,500
39,19:00,Fri,Jan,1/10/2025,Tipico,187,0,0,0,0,444
40,19:30,Fri,Jan,1/10/2025,Tipico,174,0,0,0,0,473
41,20:00,Fri,Jan,1/10/2025,Tipico,159,0,0,0,0,329
42,20:30,Fri,Jan,1/10/2025,Tipico,113,0,0,0,0,250
43,21:00,Fri,Jan,1/10/2025,Tipico,89,0,0,0,0,224
44,21:30,Fri,Jan,1/10/2025,Tipico,75,0,0,0,0,181
45,22:00,Fri,Jan,1/10/2025,Tipico,44,0,0,0,0,104
46,22:30,Fri,Jan,1/10/2025,Tipico,34,0,0,0,0,87
47,23:00,Fri,Jan,1/10/2025,Tipico,19,0,0,0,0,47
48,23:30,Fri,Jan,1/10/2025,Tipico,27,0,0,0,0,62
1,0:00,Sat,Jan,1/11/2025,Tipico,7,0,0,0,0,32
2,0:30,Sat,Jan,1/11/2025,Tipico,7,0,0,0,0,30
3,1:00,Sat,Jan,1/11/2025,Tipico,11,0,0,0,0,21
4,1:30,Sat,Jan,1/11/2025,Tipico,3,0,0,0,0,10
5,2:00,Sat,Jan,1/11/2025,Tipico,2,0,0,0,0,8
6,2:30,Sat,Jan,1/11/2025,Tipico,8,0,0,0,0,15
7,3:00,Sat,Jan,1/11/2025,Tipico,6,0,0,0,0,10
8,3:30,Sat,Jan,1/11/2025,Tipico,0,0,0,0,0,3
9,4:00,Sat,Jan,1/11/2025,Tipico,1,0,0,0,0,1
10,4:30,Sat,Jan,1/11/2025,Tipico,2,0,0,0,0,6
11,5:00,Sat,Jan,1/11/2025,Tipico,3,0,0,0,0,15
12,5:30,Sat,Jan,1/11/2025,Tipico,6,0,0,0,0,27
13,6:00,Sat,Jan,1/11/2025,Tipico,8,0,0,0,0,48
14,6:30,Sat,Jan,1/11/2025,Tipico,21,0,0,0,0,72
15,7:00,Sat,Jan,1/11/2025,Tipico,33,0,0,0,0,117
16,7:30,Sat,Jan,1/11/2025,Tipico,49,0,0,0,0,134
17,8:00,Sat,Jan,1/11/2025,Tipico,91,0,0,0,0,204
18,8:30,Sat,Jan,1/11/2025,Tipico,114,1,0,0,0,270
19,9:00,Sat,Jan,1/11/2025,Tipico,144,0,0,0,0,337
20,9:30,Sat,Jan,1/11/2025,Tipico,159,0,0,0,0,383
21,10:00,Sat,Jan,1/11/2025,Tipico,181,0,0,0,0,408
22,10:30,Sat,Jan,1/11/2025,Tipico,160,0,0,0,0,359
23,11:00,Sat,Jan,1/11/2025,Tipico,153,0,1,0,0,322
24,11:30,Sat,Jan,1/11/2025,Tipico,135,0,2,0,0,291
25,12:00,Sat,Jan,1/11/2025,Tipico,120,0,0,0,0,264
26,12:30,Sat,Jan,1/11/2025,Tipico,96,0,0,0,0,257
27,13:00,Sat,Jan,1/11/2025,Tipico,115,0,0,0,0,270
28,13:30,Sat,Jan,1/11/2025,Tipico,131,0,0,0,0,309
29,14:00,Sat,Jan,1/11/2025,Tipico,126,0,0,0,0,330
30,14:30,Sat,Jan,1/11/2025,Tipico,134,0,0,0,0,386
31,15:00,Sat,Jan,1/11/2025,Tipico,111,0,0,0,0,318
32,15:30,Sat,Jan,1/11/2025,Tipico,133,0,0,0,0,355
33,16:00,Sat,Jan,1/11/2025,Tipico,148,0,1,0,0,464
34,16:30,Sat,Jan,1/11/2025,Tipico,130,0,3,1,0,487
35,17:00,Sat,Jan,1/11/2025,Tipico,196,0,0,0,0,599
36,17:30,Sat,Jan,1/11/2025,Tipico,213,0,1,0,0,656
37,18:00,Sat,Jan,1/11/2025,Tipico,209,0,2,0,0,672
38,18:30,Sat,Jan,1/11/2025,Tipico,215,0,0,0,0,630
39,19:00,Sat,Jan,1/11/2025,Tipico,184,0,1,0,0,576
40,19:30,Sat,Jan,1/11/2025,Tipico,182,0,1,0,0,567
41,20:00,Sat,Jan,1/11/2025,Tipico,161,2,3,0,0,451
42,20:30,Sat,Jan,1/11/2025,Tipico,113,1,1,0,0,311
43,21:00,Sat,Jan,1/11/2025,Tipico,97,1,0,0,0,216
44,21:30,Sat,Jan,1/11/2025,Tipico,79,0,0,0,0,219
45,22:00,Sat,Jan,1/11/2025,Tipico,52,0,0,0,0,138
46,22:30,Sat,Jan,1/11/2025,Tipico,54,0,1,0,0,137
47,23:00,Sat,Jan,1/11/2025,Tipico,45,0,0,0,0,88
48,23:30,Sat,Jan,1/11/2025,Tipico,27,0,0,0,0,58
1,0:00,Sun,Jan,1/12/2025,Tipico,18,0,0,0,0,35
2,0:30,Sun,Jan,1/12/2025,Tipico,12,0,0,0,0,38
3,1:00,Sun,Jan,1/12/2025,Tipico,7,0,0,1,0,48
4,1:30,Sun,Jan,1/12/2025,Tipico,6,2,0,1,0,44
5,2:00,Sun,Jan,1/12/2025,Atipico,25,0,0,0,0,117
6,2:30,Sun,Jan,1/12/2025,Tipico,2,0,0,0,0,20
7,3:00,Sun,Jan,1/12/2025,Atipico,12,0,0,0,0,35
8,3:30,Sun,Jan,1/12/2025,Tipico,4,0,0,0,0,9
9,4:00,Sun,Jan,1/12/2025,Tipico,4,0,0,0,0,14
10,4:30,Sun,Jan,1/12/2025,Atipico,10,0,0,0,0,25
11,5:00,Sun,Jan,1/12/2025,Tipico,1,0,0,0,0,19
12,5:30,Sun,Jan,1/12/2025,Tipico,10,0,0,0,0,37
13,6:00,Sun,Jan,1/12/2025,Tipico,23,0,0,0,0,67
14,6:30,Sun,Jan,1/12/2025,Tipico,37,3,0,0,0,112
15,7:00,Sun,Jan,1/12/2025,Tipico,68,0,0,0,0,171
16,7:30,Sun,Jan,1/12/2025,Tipico,54,0,0,0,0,168
17,8:00,Sun,Jan,1/12/2025,Tipico,61,0,0,0,0,194
18,8:30,Sun,Jan,1/12/2025,Tipico,85,0,0,0,0,248
19,9:00,Sun,Jan,1/12/2025,Tipico,100,0,0,0,0,251
20,9:30,Sun,Jan,1/12/2025,Tipico,95,0,0,0,0,227
21,10:00,Sun,Jan,1/12/2025,Tipico,87,0,1,0,0,267
22,10:30,Sun,Jan,1/12/2025,Tipico,99,0,1,0,0,320
23,11:00,Sun,Jan,1/12/2025,Tipico,116,0,0,0,0,310
24,11:30,Sun,Jan,1/12/2025,Tipico,78,0,0,0,0,200
25,12:00,Sun,Jan,1/12/2025,Tipico,73,0,0,0,0,186
26,12:30,Sun,Jan,1/12/2025,Tipico,74,0,0,0,0,157
27,13:00,Sun,Jan,1/12/2025,Tipico,75,0,0,0,0,185
28,13:30,Sun,Jan,1/12/2025,Tipico,71,0,0,0,0,179
29,14:00,Sun,Jan,1/12/2025,Tipico,66,0,0,0,0,187
30,14:30,Sun,Jan,1/12/2025,Tipico,63,0,0,0,0,172
31,15:00,Sun,Jan,1/12/2025,Tipico,68,0,0,1,0,179
32,15:30,Sun,Jan,1/12/2025,Tipico,57,0,0,0,0,138
33,16:00,Sun,Jan,1/12/2025,Tipico,64,0,0,0,0,144
34,16:30,Sun,Jan,1/12/2025,Tipico,60,0,0,0,0,146
35,17:00,Sun,Jan,1/12/2025,Tipico,68,0,0,0,0,139
36,17:30,Sun,Jan,1/12/2025,Tipico,70,0,0,0,0,162
37,18:00,Sun,Jan,1/12/2025,Tipico,60,0,0,0,0,144
38,18:30,Sun,Jan,1/12/2025,Tipico,67,0,0,0,0,167
39,19:00,Sun,Jan,1/12/2025,Tipico,64,0,0,0,0,190
40,19:30,Sun,Jan,1/12/2025,Tipico,74,0,0,0,0,213
41,20:00,Sun,Jan,1/12/2025,Tipico,67,0,0,0,0,189
42,20:30,Sun,Jan,1/12/2025,Tipico,80,5,0,1,0,163
43,21:00,Sun,Jan,1/12/2025,Tipico,50,2,0,0,0,130
44,21:30,Sun,Jan,1/12/2025,Tipico,42,0,1,1,0,110
45,22:00,Sun,Jan,1/12/2025,Tipico,36,3,0,2,0,85
46,22:30,Sun,Jan,1/12/2025,Tipico,30,0,0,0,0,87
47,23:00,Sun,Jan,1/12/2025,Tipico,29,0,0,0,0,54
48,23:30,Sun,Jan,1/12/2025,Tipico,11,0,0,0,0,49
1,0:00,Mon,Jan,1/13/2025,Tipico,9,0,0,0,0,23
2,0:30,Mon,Jan,1/13/2025,Tipico,7,0,0,0,0,23
3,1:00,Mon,Jan,1/13/2025,Tipico,9,0,0,0,0,22
4,1:30,Mon,Jan,1/13/2025,Tipico,5,0,0,0,0,16
5,2:00,Mon,Jan,1/13/2025,Tipico,6,0,0,0,0,13
6,2:30,Mon,Jan,1/13/2025,Tipico,1,0,0,0,0,5
7,3:00,Mon,Jan,1/13/2025,Tipico,1,0,0,0,0,3
8,3:30,Mon,Jan,1/13/2025,Tipico,1,0,0,0,0,5
9,4:00,Mon,Jan,1/13/2025,Tipico,1,0,0,0,0,2
10,4:30,Mon,Jan,1/13/2025,Tipico,1,0,0,0,0,8
11,5:00,Mon,Jan,1/13/2025,Tipico,1,0,0,0,0,7
12,5:30,Mon,Jan,1/13/2025,Tipico,6,0,0,0,0,35
13,6:00,Mon,Jan,1/13/2025,Tipico,15,0,0,0,0,45
14,6:30,Mon,Jan,1/13/2025,Tipico,24,0,0,0,0,73
15,7:00,Mon,Jan,1/13/2025,Tipico,53,0,0,0,0,141
16,7:30,Mon,Jan,1/13/2025,Tipico,94,0,1,0,0,241
17,8:00,Mon,Jan,1/13/2025,Tipico,202,0,0,0,0,415
18,8:30,Mon,Jan,1/13/2025,Tipico,247,0,0,0,0,525
19,9:00,Mon,Jan,1/13/2025,Tipico,347,3,5,0,0,690
20,9:30,Mon,Jan,1/13/2025,Tipico,371,16,1,0,0,733
21,10:00,Mon,Jan,1/13/2025,Tipico,342,21,3,2,0,707
22,10:30,Mon,Jan,1/13/2025,Tipico,382,24,3,3,0,740
23,11:00,Mon,Jan,1/13/2025,Tipico,389,41,3,10,0,790
24,11:30,Mon,Jan,1/13/2025,Tipico,378,2,0,0,0,749
25,12:00,Mon,Jan,1/13/2025,Tipico,344,0,0,0,0,634
26,12:30,Mon,Jan,1/13/2025,Tipico,324,0,1,0,0,653
27,13:00,Mon,Jan,1/13/2025,Tipico,323,0,0,0,0,649
28,13:30,Mon,Jan,1/13/2025,Tipico,388,0,2,0,0,723
29,14:00,Mon,Jan,1/13/2025,Tipico,344,0,0,0,0,616
30,14:30,Mon,Jan,1/13/2025,Tipico,359,18,4,2,0,749
31,15:00,Mon,Jan,1/13/2025,Tipico,321,42,0,5,0,696
32,15:30,Mon,Jan,1/13/2025,Tipico,323,39,4,6,0,768
33,16:00,Mon,Jan,1/13/2025,Tipico,346,31,3,7,0,785
34,16:30,Mon,Jan,1/13/2025,Tipico,309,39,2,13,0,674
35,17:00,Mon,Jan,1/13/2025,Tipico,339,1,3,0,0,682
36,17:30,Mon,Jan,1/13/2025,Tipico,330,1,6,0,0,655
37,18:00,Mon,Jan,1/13/2025,Tipico,279,0,3,1,0,567
38,18:30,Mon,Jan,1/13/2025,Tipico,261,0,3,0,0,562
39,19:00,Mon,Jan,1/13/2025,Tipico,232,0,1,0,0,489
40,19:30,Mon,Jan,1/13/2025,Tipico,207,0,0,0,0,567
41,20:00,Mon,Jan,1/13/2025,Tipico,169,0,0,0,0,406
42,20:30,Mon,Jan,1/13/2025,Tipico,127,0,0,0,0,265
43,21:00,Mon,Jan,1/13/2025,Tipico,101,0,0,0,0,228
44,21:30,Mon,Jan,1/13/2025,Tipico,76,0,0,0,0,178
45,22:00,Mon,Jan,1/13/2025,Tipico,52,0,0,0,0,137
46,22:30,Mon,Jan,1/13/2025,Tipico,37,0,0,0,0,103
47,23:00,Mon,Jan,1/13/2025,Tipico,26,0,0,0,0,53
48,23:30,Mon,Jan,1/13/2025,Tipico,20,0,0,0,0,41
1,0:00,Tue,Jan,1/14/2025,Tipico,15,0,0,0,0,25
2,0:30,Tue,Jan,1/14/2025,Tipico,9,0,0,0,0,26
3,1:00,Tue,Jan,1/14/2025,Tipico,6,0,0,0,0,22
4,1:30,Tue,Jan,1/14/2025,Tipico,2,0,0,0,0,10
5,2:00,Tue,Jan,1/14/2025,Tipico,3,0,0,0,0,5
6,2:30,Tue,Jan,1/14/2025,Tipico,5,0,0,0,0,12
7,3:00,Tue,Jan,1/14/2025,Tipico,1,0,0,0,0,3
8,3:30,Tue,Jan,1/14/2025,Tipico,4,0,0,0,0,7
9,4:00,Tue,Jan,1/14/2025,Tipico,4,0,0,0,0,6
10,4:30,Tue,Jan,1/14/2025,Tipico,3,0,0,0,0,8
11,5:00,Tue,Jan,1/14/2025,Tipico,4,0,0,0,0,7
12,5:30,Tue,Jan,1/14/2025,Tipico,6,0,0,0,0,20
13,6:00,Tue,Jan,1/14/2025,Tipico,18,0,0,0,0,41
14,6:30,Tue,Jan,1/14/2025,Tipico,19,0,0,0,0,70
15,7:00,Tue,Jan,1/14/2025,Tipico,54,0,0,0,0,167
16,7:30,Tue,Jan,1/14/2025,Tipico,90,0,0,0,0,207
17,8:00,Tue,Jan,1/14/2025,Tipico,185,0,0,0,0,385
18,8:30,Tue,Jan,1/14/2025,Tipico,240,0,2,0,0,478
19,9:00,Tue,Jan,1/14/2025,Tipico,295,8,1,1,0,595
20,9:30,Tue,Jan,1/14/2025,Tipico,385,6,1,0,0,715
21,10:00,Tue,Jan,1/14/2025,Tipico,415,17,2,1,0,768
22,10:30,Tue,Jan,1/14/2025,Tipico,424,3,1,0,0,830
23,11:00,Tue,Jan,1/14/2025,Tipico,365,47,5,19,0,818
24,11:30,Tue,Jan,1/14/2025,Tipico,374,14,1,0,0,694
25,12:00,Tue,Jan,1/14/2025,Tipico,354,0,0,0,0,701
26,12:30,Tue,Jan,1/14/2025,Tipico,372,0,0,0,0,785
27,13:00,Tue,Jan,1/14/2025,Tipico,353,0,0,0,0,710
28,13:30,Tue,Jan,1/14/2025,Tipico,381,0,2,0,0,698
29,14:00,Tue,Jan,1/14/2025,Tipico,402,4,0,0,0,779
30,14:30,Tue,Jan,1/14/2025,Tipico,340,37,6,17,0,763
31,15:00,Tue,Jan,1/14/2025,Tipico,352,28,7,0,0,752
32,15:30,Tue,Jan,1/14/2025,Tipico,309,46,9,22,0,790
33,16:00,Tue,Jan,1/14/2025,Tipico,322,54,6,31,0,746
34,16:30,Tue,Jan,1/14/2025,Tipico,308,36,1,10,0,684
35,17:00,Tue,Jan,1/14/2025,Tipico,329,2,0,0,0,678
36,17:30,Tue,Jan,1/14/2025,Tipico,330,0,0,0,0,685
37,18:00,Tue,Jan,1/14/2025,Tipico,291,0,0,0,0,664
38,18:30,Tue,Jan,1/14/2025,Tipico,247,0,0,0,0,579
39,19:00,Tue,Jan,1/14/2025,Tipico,241,0,0,0,0,619
40,19:30,Tue,Jan,1/14/2025,Tipico,219,0,0,0,0,526
41,20:00,Tue,Jan,1/14/2025,Tipico,144,0,0,0,0,364
42,20:30,Tue,Jan,1/14/2025,Tipico,132,0,0,0,0,303
43,21:00,Tue,Jan,1/14/2025,Tipico,124,0,0,0,0,283
44,21:30,Tue,Jan,1/14/2025,Tipico,87,0,0,0,0,277
45,22:00,Tue,Jan,1/14/2025,Tipico,99,0,1,0,0,223
46,22:30,Tue,Jan,1/14/2025,Tipico,60,0,0,0,0,165
47,23:00,Tue,Jan,1/14/2025,Tipico,36,0,0,0,0,94
48,23:30,Tue,Jan,1/14/2025,Tipico,23,0,0,0,0,80
1,0:00,Wed,Jan,1/15/2025,Tipico,18,0,0,0,0,65
2,0:30,Wed,Jan,1/15/2025,Atipico,16,3,1,1,0,54
3,1:00,Wed,Jan,1/15/2025,Tipico,8,3,0,0,0,41
4,1:30,Wed,Jan,1/15/2025,Tipico,7,0,0,0,0,28
5,2:00,Wed,Jan,1/15/2025,Tipico,5,0,0,0,0,15
6,2:30,Wed,Jan,1/15/2025,Tipico,6,0,0,0,0,13
7,3:00,Wed,Jan,1/15/2025,Tipico,2,0,0,0,0,10
8,3:30,Wed,Jan,1/15/2025,Tipico,5,0,0,0,0,13
9,4:00,Wed,Jan,1/15/2025,Tipico,1,0,0,0,0,13
10,4:30,Wed,Jan,1/15/2025,Tipico,6,0,0,0,0,15
11,5:00,Wed,Jan,1/15/2025,Tipico,10,0,0,0,0,32
12,5:30,Wed,Jan,1/15/2025,Tipico,12,0,0,0,0,41
13,6:00,Wed,Jan,1/15/2025,Tipico,21,0,0,0,0,90
14,6:30,Wed,Jan,1/15/2025,Tipico,31,0,0,0,0,131
15,7:00,Wed,Jan,1/15/2025,Tipico,92,0,0,0,0,227
16,7:30,Wed,Jan,1/15/2025,Tipico,84,0,0,0,0,236
17,8:00,Wed,Jan,1/15/2025,Tipico,172,0,0,0,0,416
18,8:30,Wed,Jan,1/15/2025,Tipico,295,1,0,0,0,585
19,9:00,Wed,Jan,1/15/2025,Tipico,332,1,1,0,0,616
20,9:30,Wed,Jan,1/15/2025,Tipico,386,13,1,2,0,775
21,10:00,Wed,Jan,1/15/2025,Tipico,334,7,0,0,0,718
22,10:30,Wed,Jan,1/15/2025,Tipico,381,19,2,6,0,850
23,11:00,Wed,Jan,1/15/2025,Tipico,374,17,0,1,0,828
24,11:30,Wed,Jan,1/15/2025,Tipico,377,5,4,0,0,879
25,12:00,Wed,Jan,1/15/2025,Tipico,373,15,5,1,0,865
26,12:30,Wed,Jan,1/15/2025,Tipico,358,0,3,1,0,720
27,13:00,Wed,Jan,1/15/2025,Tipico,302,0,1,0,0,653
28,13:30,Wed,Jan,1/15/2025,Tipico,349,2,5,0,0,743
29,14:00,Wed,Jan,1/15/2025,Tipico,352,1,19,0,0,705
30,14:30,Wed,Jan,1/15/2025,Tipico,390,0,1,0,0,755
31,15:00,Wed,Jan,1/15/2025,Tipico,390,8,2,0,0,763
32,15:30,Wed,Jan,1/15/2025,Tipico,366,34,3,8,0,820
33,16:00,Wed,Jan,1/15/2025,Tipico,323,25,1,0,0,672
34,16:30,Wed,Jan,1/15/2025,Tipico,321,28,6,6,0,704
35,17:00,Wed,Jan,1/15/2025,Tipico,319,13,1,0,0,678
36,17:30,Wed,Jan,1/15/2025,Tipico,312,0,1,0,0,676
37,18:00,Wed,Jan,1/15/2025,Tipico,285,2,0,0,0,614
38,18:30,Wed,Jan,1/15/2025,Tipico,248,0,0,0,0,510
39,19:00,Wed,Jan,1/15/2025,Tipico,215,0,0,0,0,483
40,19:30,Wed,Jan,1/15/2025,Tipico,221,0,0,0,0,583
41,20:00,Wed,Jan,1/15/2025,Tipico,202,0,1,0,0,478
42,20:30,Wed,Jan,1/15/2025,Tipico,152,0,0,0,0,350
43,21:00,Wed,Jan,1/15/2025,Tipico,100,0,0,0,0,238
44,21:30,Wed,Jan,1/15/2025,Tipico,87,0,0,0,0,200
45,22:00,Wed,Jan,1/15/2025,Tipico,52,0,0,0,0,148
46,22:30,Wed,Jan,1/15/2025,Tipico,71,0,0,0,0,150
47,23:00,Wed,Jan,1/15/2025,Tipico,32,0,0,0,0,83
48,23:30,Wed,Jan,1/15/2025,Tipico,24,0,0,0,0,37
1,0:00,Thu,Jan,1/16/2025,Tipico,12,0,0,0,0,24
2,0:30,Thu,Jan,1/16/2025,Tipico,11,0,0,1,0,19
3,1:00,Thu,Jan,1/16/2025,Tipico,3,0,0,0,0,14
4,1:30,Thu,Jan,1/16/2025,Tipico,7,0,0,0,0,9
5,2:00,Thu,Jan,1/16/2025,Tipico,1,0,0,0,0,11
6,2:30,Thu,Jan,1/16/2025,Tipico,3,0,0,0,0,5
7,3:00,Thu,Jan,1/16/2025,Tipico,4,0,0,0,0,19
8,3:30,Thu,Jan,1/16/2025,Tipico,4,0,1,0,0,9
9,4:00,Thu,Jan,1/16/2025,Tipico,4,0,0,0,0,12
10,4:30,Thu,Jan,1/16/2025,Tipico,4,0,0,0,0,12
11,5:00,Thu,Jan,1/16/2025,Tipico,4,0,0,0,0,16
12,5:30,Thu,Jan,1/16/2025,Tipico,10,0,0,0,0,42
13,6:00,Thu,Jan,1/16/2025,Tipico,28,0,0,0,0,76
14,6:30,Thu,Jan,1/16/2025,Tipico,41,0,0,0,0,113
15,7:00,Thu,Jan,1/16/2025,Tipico,66,0,0,0,0,159
16,7:30,Thu,Jan,1/16/2025,Tipico,85,0,0,0,0,210
17,8:00,Thu,Jan,1/16/2025,Tipico,199,0,0,3,0,420
18,8:30,Thu,Jan,1/16/2025,Tipico,242,6,0,0,0,493
19,9:00,Thu,Jan,1/16/2025,Tipico,341,3,0,3,0,647
20,9:30,Thu,Jan,1/16/2025,Tipico,321,18,0,6,0,667
21,10:00,Thu,Jan,1/16/2025,Tipico,342,34,0,3,0,773
22,10:30,Thu,Jan,1/16/2025,Tipico,367,28,7,4,0,745
23,11:00,Thu,Jan,1/16/2025,Tipico,368,22,1,2,0,761
24,11:30,Thu,Jan,1/16/2025,Tipico,336,10,1,0,0,670
25,12:00,Thu,Jan,1/16/2025,Tipico,298,0,0,0,0,624
26,12:30,Thu,Jan,1/16/2025,Tipico,312,0,1,0,0,630
27,13:00,Thu,Jan,1/16/2025,Tipico,296,0,0,0,0,660
28,13:30,Thu,Jan,1/16/2025,Tipico,293,0,0,0,0,579
29,14:00,Thu,Jan,1/16/2025,Tipico,343,0,1,0,0,647
30,14:30,Thu,Jan,1/16/2025,Tipico,304,11,1,2,0,637
31,15:00,Thu,Jan,1/16/2025,Tipico,301,7,1,0,0,610
32,15:30,Thu,Jan,1/16/2025,Tipico,347,6,2,3,0,710
33,16:00,Thu,Jan,1/16/2025,Tipico,331,15,1,2,0,714
34,16:30,Thu,Jan,1/16/2025,Tipico,326,19,2,3,0,703
35,17:00,Thu,Jan,1/16/2025,Tipico,296,20,0,0,0,641
36,17:30,Thu,Jan,1/16/2025,Tipico,285,1,0,0,0,628
37,18:00,Thu,Jan,1/16/2025,Tipico,265,0,0,0,0,651
38,18:30,Thu,Jan,1/16/2025,Tipico,245,0,0,0,0,584
39,19:00,Thu,Jan,1/16/2025,Tipico,243,0,1,0,0,603
40,19:30,Thu,Jan,1/16/2025,Tipico,234,0,0,0,0,557
41,20:00,Thu,Jan,1/16/2025,Tipico,168,0,0,0,0,400
42,20:30,Thu,Jan,1/16/2025,Tipico,146,0,0,0,0,360
43,21:00,Thu,Jan,1/16/2025,Tipico,187,1,2,0,0,750
44,21:30,Thu,Jan,1/16/2025,Tipico,179,1,0,0,0,669
45,22:00,Thu,Jan,1/16/2025,Tipico,126,0,0,0,0,411
46,22:30,Thu,Jan,1/16/2025,Tipico,73,0,0,0,0,253
47,23:00,Thu,Jan,1/16/2025,Tipico,83,0,0,0,0,265
48,23:30,Thu,Jan,1/16/2025,Tipico,46,0,0,0,0,126
1,0:00,Fri,Jan,1/17/2025,Tipico,29,1,0,0,0,96
2,0:30,Fri,Jan,1/17/2025,Tipico,17,0,0,0,0,39
3,1:00,Fri,Jan,1/17/2025,Tipico,13,0,0,0,0,20
4,1:30,Fri,Jan,1/17/2025,Tipico,12,0,0,0,0,32
5,2:00,Fri,Jan,1/17/2025,Tipico,6,0,0,0,0,34
6,2:30,Fri,Jan,1/17/2025,Tipico,8,0,0,0,0,29
7,3:00,Fri,Jan,1/17/2025,Tipico,3,0,0,0,0,5
8,3:30,Fri,Jan,1/17/2025,Tipico,1,0,0,0,0,3
9,4:00,Fri,Jan,1/17/2025,Tipico,6,0,0,0,0,12
10,4:30,Fri,Jan,1/17/2025,Tipico,4,0,0,0,0,20
11,5:00,Fri,Jan,1/17/2025,Tipico,7,0,0,0,0,17
12,5:30,Fri,Jan,1/17/2025,Tipico,15,0,0,0,0,45
13,6:00,Fri,Jan,1/17/2025,Tipico,33,0,0,0,0,88
14,6:30,Fri,Jan,1/17/2025,Tipico,37,0,0,0,0,127
15,7:00,Fri,Jan,1/17/2025,Tipico,75,0,1,0,0,196
16,7:30,Fri,Jan,1/17/2025,Tipico,91,0,0,0,0,273
17,8:00,Fri,Jan,1/17/2025,Tipico,165,0,0,0,0,362
18,8:30,Fri,Jan,1/17/2025,Tipico,235,0,1,0,0,504
19,9:00,Fri,Jan,1/17/2025,Tipico,255,0,0,0,0,550
20,9:30,Fri,Jan,1/17/2025,Tipico,351,0,0,0,0,715
21,10:00,Fri,Jan,1/17/2025,Tipico,359,0,0,0,0,702
22,10:30,Fri,Jan,1/17/2025,Tipico,357,10,1,0,0,785
23,11:00,Fri,Jan,1/17/2025,Tipico,351,46,8,12,0,816
24,11:30,Fri,Jan,1/17/2025,Tipico,351,10,1,0,0,788
25,12:00,Fri,Jan,1/17/2025,Tipico,330,12,2,0,0,753
26,12:30,Fri,Jan,1/17/2025,Tipico,294,0,0,0,0,670
27,13:00,Fri,Jan,1/17/2025,Tipico,290,0,0,0,0,679
28,13:30,Fri,Jan,1/17/2025,Tipico,346,2,0,0,0,760
29,14:00,Fri,Jan,1/17/2025,Tipico,310,0,1,0,0,722
30,14:30,Fri,Jan,1/17/2025,Tipico,374,6,1,0,0,904
31,15:00,Fri,Jan,1/17/2025,Tipico,348,23,4,5,0,888
32,15:30,Fri,Jan,1/17/2025,Tipico,320,23,2,0,0,755
33,16:00,Fri,Jan,1/17/2025,Tipico,353,0,0,0,0,810
34,16:30,Fri,Jan,1/17/2025,Tipico,350,0,0,0,0,799
35,17:00,Fri,Jan,1/17/2025,Tipico,314,1,1,0,0,705
36,17:30,Fri,Jan,1/17/2025,Tipico,269,6,0,0,0,638
37,18:00,Fri,Jan,1/17/2025,Tipico,225,0,0,0,0,554
38,18:30,Fri,Jan,1/17/2025,Tipico,207,0,0,0,0,494
39,19:00,Fri,Jan,1/17/2025,Tipico,195,0,0,1,0,496
40,19:30,Fri,Jan,1/17/2025,Tipico,173,0,0,0,0,457
41,20:00,Fri,Jan,1/17/2025,Tipico,151,0,0,0,0,351
42,20:30,Fri,Jan,1/17/2025,Tipico,153,0,1,0,0,340
43,21:00,Fri,Jan,1/17/2025,Tipico,111,0,0,0,0,225
44,21:30,Fri,Jan,1/17/2025,Tipico,83,0,0,0,0,172
45,22:00,Fri,Jan,1/17/2025,Tipico,72,0,0,0,0,153
46,22:30,Fri,Jan,1/17/2025,Tipico,58,0,0,0,0,136
47,23:00,Fri,Jan,1/17/2025,Tipico,29,0,0,0,0,95
48,23:30,Fri,Jan,1/17/2025,Tipico,41,0,0,0,0,90
1,0:00,Sat,Jan,1/18/2025,Tipico,31,0,0,0,0,100
2,0:30,Sat,Jan,1/18/2025,Tipico,30,1,0,0,0,74
3,1:00,Sat,Jan,1/18/2025,Tipico,21,0,0,0,0,70
4,1:30,Sat,Jan,1/18/2025,Tipico,14,0,0,0,0,38
5,2:00,Sat,Jan,1/18/2025,Atipico,14,0,0,0,0,33
6,2:30,Sat,Jan,1/18/2025,Atipico,12,0,0,0,0,23
7,3:00,Sat,Jan,1/18/2025,Tipico,7,0,0,0,0,17
8,3:30,Sat,Jan,1/18/2025,Tipico,5,0,0,0,0,9
9,4:00,Sat,Jan,1/18/2025,Tipico,6,0,0,0,0,12
10,4:30,Sat,Jan,1/18/2025,Tipico,6,0,0,0,0,14
11,5:00,Sat,Jan,1/18/2025,Tipico,7,0,0,0,0,20
12,5:30,Sat,Jan,1/18/2025,Tipico,6,0,0,0,0,35
13,6:00,Sat,Jan,1/18/2025,Tipico,22,0,0,0,0,78
14,6:30,Sat,Jan,1/18/2025,Tipico,42,0,1,0,0,105
15,7:00,Sat,Jan,1/18/2025,Tipico,71,0,0,0,0,178
16,7:30,Sat,Jan,1/18/2025,Tipico,91,0,0,0,0,220
17,8:00,Sat,Jan,1/18/2025,Tipico,103,0,0,0,0,235
18,8:30,Sat,Jan,1/18/2025,Tipico,141,0,0,0,0,334
19,9:00,Sat,Jan,1/18/2025,Tipico,162,0,0,0,0,393
20,9:30,Sat,Jan,1/18/2025,Tipico,182,0,0,0,0,383
21,10:00,Sat,Jan,1/18/2025,Tipico,172,0,0,0,0,424
22,10:30,Sat,Jan,1/18/2025,Tipico,182,0,0,0,0,413
23,11:00,Sat,Jan,1/18/2025,Tipico,184,0,0,1,0,400
24,11:30,Sat,Jan,1/18/2025,Tipico,168,0,1,0,0,380
25,12:00,Sat,Jan,1/18/2025,Tipico,138,0,0,0,0,386
26,12:30,Sat,Jan,1/18/2025,Tipico,129,0,0,0,0,344
27,13:00,Sat,Jan,1/18/2025,Tipico,136,0,0,0,0,376
28,13:30,Sat,Jan,1/18/2025,Tipico,165,0,0,0,0,502
29,14:00,Sat,Jan,1/18/2025,Atipico,233,0,0,0,0,686
30,14:30,Sat,Jan,1/18/2025,Tipico,198,0,0,0,0,518
31,15:00,Sat,Jan,1/18/2025,Tipico,177,0,1,0,0,504
32,15:30,Sat,Jan,1/18/2025,Tipico,146,0,1,0,0,424
33,16:00,Sat,Jan,1/18/2025,Tipico,173,0,0,0,0,428
34,16:30,Sat,Jan,1/18/2025,Tipico,165,0,1,0,0,545
35,17:00,Sat,Jan,1/18/2025,Tipico,201,0,0,0,0,562
36,17:30,Sat,Jan,1/18/2025,Tipico,199,0,0,0,0,522
37,18:00,Sat,Jan,1/18/2025,Tipico,193,0,0,0,0,595
38,18:30,Sat,Jan,1/18/2025,Tipico,181,0,1,0,0,478
39,19:00,Sat,Jan,1/18/2025,Tipico,156,0,1,0,0,433
40,19:30,Sat,Jan,1/18/2025,Tipico,159,0,1,0,0,491
41,20:00,Sat,Jan,1/18/2025,Tipico,117,0,0,0,0,323
42,20:30,Sat,Jan,1/18/2025,Tipico,85,4,1,1,0,245
43,21:00,Sat,Jan,1/18/2025,Tipico,89,1,1,0,0,237
44,21:30,Sat,Jan,1/18/2025,Tipico,48,0,0,0,0,134
45,22:00,Sat,Jan,1/18/2025,Tipico,55,0,1,0,0,174
46,22:30,Sat,Jan,1/18/2025,Tipico,50,0,0,0,0,132
47,23:00,Sat,Jan,1/18/2025,Tipico,48,0,0,0,0,139
48,23:30,Sat,Jan,1/18/2025,Tipico,43,0,0,0,0,97
1,0:00,Sun,Jan,1/19/2025,Tipico,22,0,0,0,0,58
2,0:30,Sun,Jan,1/19/2025,Tipico,13,0,0,0,0,50
3,1:00,Sun,Jan,1/19/2025,Tipico,11,0,0,0,0,29
4,1:30,Sun,Jan,1/19/2025,Tipico,16,0,0,0,0,38
5,2:00,Sun,Jan,1/19/2025,Tipico,3,0,0,0,0,10
6,2:30,Sun,Jan,1/19/2025,Tipico,1,0,0,0,0,2
7,3:00,Sun,Jan,1/19/2025,Tipico,3,0,0,0,0,8
8,3:30,Sun,Jan,1/19/2025,Tipico,8,0,0,0,0,14
9,4:00,Sun,Jan,1/19/2025,Tipico,6,0,0,0,0,14
10,4:30,Sun,Jan,1/19/2025,Atipico,10,0,0,0,0,13
11,5:00,Sun,Jan,1/19/2025,Tipico,7,0,0,0,0,16
12,5:30,Sun,Jan,1/19/2025,Tipico,9,0,0,0,0,24
13,6:00,Sun,Jan,1/19/2025,Tipico,16,0,0,0,0,39
14,6:30,Sun,Jan,1/19/2025,Tipico,33,0,0,0,0,90
15,7:00,Sun,Jan,1/19/2025,Tipico,52,0,0,0,0,184
16,7:30,Sun,Jan,1/19/2025,Tipico,85,2,1,0,0,333
17,8:00,Sun,Jan,1/19/2025,Tipico,110,0,0,0,0,408
18,8:30,Sun,Jan,1/19/2025,Tipico,119,16,0,0,0,353
19,9:00,Sun,Jan,1/19/2025,Tipico,93,0,1,0,0,297
20,9:30,Sun,Jan,1/19/2025,Tipico,125,0,0,1,0,372
21,10:00,Sun,Jan,1/19/2025,Tipico,133,0,0,0,0,338
22,10:30,Sun,Jan,1/19/2025,Tipico,126,0,0,0,0,349
23,11:00,Sun,Jan,1/19/2025,Tipico,138,0,0,0,0,343
24,11:30,Sun,Jan,1/19/2025,Tipico,102,0,0,0,0,261
25,12:00,Sun,Jan,1/19/2025,Tipico,89,0,0,0,0,209
26,12:30,Sun,Jan,1/19/2025,Tipico,103,0,0,0,0,268
27,13:00,Sun,Jan,1/19/2025,Tipico,91,0,0,0,0,333
28,13:30,Sun,Jan,1/19/2025,Atipico,157,0,0,0,0,461
29,14:00,Sun,Jan,1/19/2025,Tipico,132,0,0,0,0,389
30,14:30,Sun,Jan,1/19/2025,Tipico,109,0,0,0,0,266
31,15:00,Sun,Jan,1/19/2025,Tipico,121,0,0,0,0,399
32,15:30,Sun,Jan,1/19/2025,Tipico,133,0,0,0,0,325
33,16:00,Sun,Jan,1/19/2025,Tipico,126,0,0,0,0,313
34,16:30,Sun,Jan,1/19/2025,Tipico,104,0,0,0,0,267
35,17:00,Sun,Jan,1/19/2025,Tipico,124,0,0,0,0,355
36,17:30,Sun,Jan,1/19/2025,Tipico,111,0,0,0,0,293
37,18:00,Sun,Jan,1/19/2025,Tipico,97,1,0,0,0,252
38,18:30,Sun,Jan,1/19/2025,Tipico,116,0,1,0,0,306
39,19:00,Sun,Jan,1/19/2025,Tipico,129,0,0,0,0,374
40,19:30,Sun,Jan,1/19/2025,Tipico,118,0,0,0,0,410
41,20:00,Sun,Jan,1/19/2025,Tipico,123,0,0,0,0,333
42,20:30,Sun,Jan,1/19/2025,Tipico,67,19,2,15,0,303
43,21:00,Sun,Jan,1/19/2025,Tipico,56,39,3,14,0,298
44,21:30,Sun,Jan,1/19/2025,Tipico,79,5,2,0,0,255
45,22:00,Sun,Jan,1/19/2025,Tipico,50,11,2,2,0,209
46,22:30,Sun,Jan,1/19/2025,Atipico,73,12,3,6,0,331
47,23:00,Sun,Jan,1/19/2025,Atipico,63,22,3,4,0,260
48,23:30,Sun,Jan,1/19/2025,Tipico,38,0,2,0,0,127
1,0:00,Mon,Jan,1/20/2025,Atipico,43,7,0,1,0,110
2,0:30,Mon,Jan,1/20/2025,Tipico,20,0,0,0,0,43
3,1:00,Mon,Jan,1/20/2025,Tipico,15,0,0,0,0,49
4,1:30,Mon,Jan,1/20/2025,Tipico,9,0,0,0,0,38
5,2:00,Mon,Jan,1/20/2025,Tipico,5,0,0,0,0,33
6,2:30,Mon,Jan,1/20/2025,Atipico,12,0,0,0,0,22
7,3:00,Mon,Jan,1/20/2025,Tipico,9,0,0,0,0,41
8,3:30,Mon,Jan,1/20/2025,Atipico,10,0,0,0,0,33
9,4:00,Mon,Jan,1/20/2025,Atipico,9,0,0,0,0,22
10,4:30,Mon,Jan,1/20/2025,Tipico,4,0,0,0,0,12
11,5:00,Mon,Jan,1/20/2025,Tipico,7,0,0,0,0,12
12,5:30,Mon,Jan,1/20/2025,Tipico,5,0,0,0,0,45
13,6:00,Mon,Jan,1/20/2025,Tipico,38,0,0,0,0,117
14,6:30,Mon,Jan,1/20/2025,Tipico,52,0,0,0,0,175
15,7:00,Mon,Jan,1/20/2025,Tipico,101,0,0,0,0,298
16,7:30,Mon,Jan,1/20/2025,Tipico,147,0,1,1,0,380
17,8:00,Mon,Jan,1/20/2025,Tipico,255,0,0,0,0,666
18,8:30,Mon,Jan,1/20/2025,Tipico,390,0,1,0,0,861
19,9:00,Mon,Jan,1/20/2025,Tipico,361,26,8,10,0,972
20,9:30,Mon,Jan,1/20/2025,Tipico,449,50,9,36,0,1158
21,10:00,Mon,Jan,1/20/2025,Tipico,486,28,2,0,0,977
22,10:30,Mon,Jan,1/20/2025,Tipico,476,5,3,5,0,1132
23,11:00,Mon,Jan,1/20/2025,Tipico,449,72,21,50,0,1435
24,11:30,Mon,Jan,1/20/2025,Tipico,538,35,3,2,0,1276
25,12:00,Mon,Jan,1/20/2025,Tipico,465,3,2,1,0,1112
26,12:30,Mon,Jan,1/20/2025,Tipico,501,0,3,0,0,1151
27,13:00,Mon,Jan,1/20/2025,Tipico,488,2,1,0,0,1130
28,13:30,Mon,Jan,1/20/2025,Tipico,519,0,1,0,0,1147
29,14:00,Mon,Jan,1/20/2025,Tipico,507,0,3,0,0,1062
30,14:30,Mon,Jan,1/20/2025,Tipico,537,24,3,5,0,1166
31,15:00,Mon,Jan,1/20/2025,Tipico,485,45,6,10,0,1145
32,15:30,Mon,Jan,1/20/2025,Tipico,457,30,6,12,0,1033
33,16:00,Mon,Jan,1/20/2025,Tipico,478,10,2,1,0,1097
34,16:30,Mon,Jan,1/20/2025,Tipico,450,50,10,27,0,1249
35,17:00,Mon,Jan,1/20/2025,Tipico,445,58,7,21,0,1086
36,17:30,Mon,Jan,1/20/2025,Tipico,401,5,0,0,0,943
37,18:00,Mon,Jan,1/20/2025,Tipico,381,0,0,0,0,897
38,18:30,Mon,Jan,1/20/2025,Tipico,333,0,0,1,0,830
39,19:00,Mon,Jan,1/20/2025,Tipico,345,7,3,0,0,844
40,19:30,Mon,Jan,1/20/2025,Tipico,382,16,1,1,0,1153
41,20:00,Mon,Jan,1/20/2025,Tipico,275,16,3,0,0,692
42,20:30,Mon,Jan,1/20/2025,Tipico,210,1,0,0,0,523
43,21:00,Mon,Jan,1/20/2025,Tipico,192,2,0,0,0,418
44,21:30,Mon,Jan,1/20/2025,Tipico,145,0,0,0,0,301
45,22:00,Mon,Jan,1/20/2025,Tipico,85,0,0,0,0,198
46,22:30,Mon,Jan,1/20/2025,Tipico,64,0,0,0,0,169
47,23:00,Mon,Jan,1/20/2025,Tipico,36,0,0,0,0,82
48,23:30,Mon,Jan,1/20/2025,Tipico,17,0,0,0,0,53
1,0:00,Tue,Jan,1/21/2025,Tipico,18,0,1,0,0,50
2,0:30,Tue,Jan,1/21/2025,Tipico,13,0,0,0,0,31
3,1:00,Tue,Jan,1/21/2025,Tipico,6,0,0,0,0,29
4,1:30,Tue,Jan,1/21/2025,Tipico,6,0,0,0,0,12
5,2:00,Tue,Jan,1/21/2025,Tipico,1,0,0,0,0,6
6,2:30,Tue,Jan,1/21/2025,Tipico,5,0,0,0,0,9
7,3:00,Tue,Jan,1/21/2025,Tipico,3,0,0,0,0,10
8,3:30,Tue,Jan,1/21/2025,Tipico,4,0,0,0,0,7
9,4:00,Tue,Jan,1/21/2025,Tipico,0,0,0,0,0,2
10,4:30,Tue,Jan,1/21/2025,Tipico,1,0,0,0,0,8
11,5:00,Tue,Jan,1/21/2025,Tipico,4,0,0,0,0,9
12,5:30,Tue,Jan,1/21/2025,Tipico,8,0,0,0,0,39
13,6:00,Tue,Jan,1/21/2025,Tipico,21,0,0,0,0,57
14,6:30,Tue,Jan,1/21/2025,Tipico,53,0,0,0,0,136
15,7:00,Tue,Jan,1/21/2025,Tipico,73,0,0,0,0,192
16,7:30,Tue,Jan,1/21/2025,Tipico,106,0,0,0,0,274
17,8:00,Tue,Jan,1/21/2025,Tipico,214,0,1,0,0,506
18,8:30,Tue,Jan,1/21/2025,Tipico,298,1,0,0,0,588
19,9:00,Tue,Jan,1/21/2025,Tipico,364,10,0,0,0,705
20,9:30,Tue,Jan,1/21/2025,Tipico,397,7,0,1,0,771
21,10:00,Tue,Jan,1/21/2025,Tipico,406,10,2,0,0,806
22,10:30,Tue,Jan,1/21/2025,Tipico,361,63,9,15,0,875
23,11:00,Tue,Jan,1/21/2025,Tipico,443,17,3,3,0,891
24,11:30,Tue,Jan,1/21/2025,Tipico,381,10,0,6,0,822
25,12:00,Tue,Jan,1/21/2025,Tipico,409,2,1,0,0,838
26,12:30,Tue,Jan,1/21/2025,Tipico,388,0,0,0,0,878
27,13:00,Tue,Jan,1/21/2025,Tipico,392,0,1,0,0,940
28,13:30,Tue,Jan,1/21/2025,Atipico,597,8,4,5,0,1088
29,14:00,Tue,Jan,1/21/2025,Tipico,512,5,2,0,0,938
30,14:30,Tue,Jan,1/21/2025,Tipico,441,0,0,0,0,850
31,15:00,Tue,Jan,1/21/2025,Tipico,370,1,0,0,0,747
32,15:30,Tue,Jan,1/21/2025,Tipico,362,0,1,0,0,744
33,16:00,Tue,Jan,1/21/2025,Tipico,388,0,0,0,0,851
34,16:30,Tue,Jan,1/21/2025,Tipico,352,1,0,0,0,753
35,17:00,Tue,Jan,1/21/2025,Tipico,309,0,0,0,0,654
36,17:30,Tue,Jan,1/21/2025,Tipico,302,0,0,0,0,607
37,18:00,Tue,Jan,1/21/2025,Tipico,314,0,0,0,0,616
38,18:30,Tue,Jan,1/21/2025,Tipico,305,0,0,0,0,569
39,19:00,Tue,Jan,1/21/2025,Tipico,231,0,1,0,0,548
40,19:30,Tue,Jan,1/21/2025,Tipico,260,0,0,0,0,603
41,20:00,Tue,Jan,1/21/2025,Tipico,213,0,0,1,0,483
42,20:30,Tue,Jan,1/21/2025,Tipico,156,0,1,0,0,311
43,21:00,Tue,Jan,1/21/2025,Tipico,143,4,2,0,0,270
44,21:30,Tue,Jan,1/21/2025,Tipico,86,1,0,0,0,194
45,22:00,Tue,Jan,1/21/2025,Tipico,63,0,0,0,0,143
46,22:30,Tue,Jan,1/21/2025,Tipico,44,0,0,0,0,119
47,23:00,Tue,Jan,1/21/2025,Tipico,56,0,0,0,0,80
48,23:30,Tue,Jan,1/21/2025,Tipico,22,0,1,0,0,59
1,0:00,Wed,Jan,1/22/2025,Tipico,15,1,0,0,0,32
2,0:30,Wed,Jan,1/22/2025,Tipico,10,0,0,0,0,24
3,1:00,Wed,Jan,1/22/2025,Tipico,5,0,0,0,0,20
4,1:30,Wed,Jan,1/22/2025,Tipico,5,0,0,0,0,20
5,2:00,Wed,Jan,1/22/2025,Tipico,4,0,0,0,0,13
6,2:30,Wed,Jan,1/22/2025,Tipico,5,0,0,0,0,9
7,3:00,Wed,Jan,1/22/2025,Tipico,3,0,0,0,0,9
8,3:30,Wed,Jan,1/22/2025,Tipico,2,0,0,0,0,6
9,4:00,Wed,Jan,1/22/2025,Tipico,3,0,0,0,0,6
10,4:30,Wed,Jan,1/22/2025,Tipico,2,0,0,0,0,5
11,5:00,Wed,Jan,1/22/2025,Tipico,4,0,0,0,0,13
12,5:30,Wed,Jan,1/22/2025,Tipico,12,0,0,0,0,37
13,6:00,Wed,Jan,1/22/2025,Tipico,19,0,0,0,0,60
14,6:30,Wed,Jan,1/22/2025,Tipico,50,9,0,0,0,147
15,7:00,Wed,Jan,1/22/2025,Tipico,73,2,3,0,0,197
16,7:30,Wed,Jan,1/22/2025,Tipico,109,5,2,0,0,278
17,8:00,Wed,Jan,1/22/2025,Tipico,189,5,0,0,0,426
18,8:30,Wed,Jan,1/22/2025,Tipico,245,27,8,13,0,607
19,9:00,Wed,Jan,1/22/2025,Tipico,270,45,3,8,0,672
20,9:30,Wed,Jan,1/22/2025,Tipico,361,20,2,6,0,731
21,10:00,Wed,Jan,1/22/2025,Tipico,388,1,2,5,0,756
22,10:30,Wed,Jan,1/22/2025,Tipico,320,53,5,15,0,746
23,11:00,Wed,Jan,1/22/2025,Tipico,424,28,2,2,0,809
24,11:30,Wed,Jan,1/22/2025,Tipico,350,2,0,0,0,708
25,12:00,Wed,Jan,1/22/2025,Tipico,330,0,1,0,0,674
26,12:30,Wed,Jan,1/22/2025,Tipico,320,1,0,0,0,615
27,13:00,Wed,Jan,1/22/2025,Tipico,384,0,1,0,0,799
28,13:30,Wed,Jan,1/22/2025,Tipico,421,3,0,0,0,833
29,14:00,Wed,Jan,1/22/2025,Tipico,381,4,0,1,0,870
30,14:30,Wed,Jan,1/22/2025,Tipico,406,21,6,6,0,941
31,15:00,Wed,Jan,1/22/2025,Tipico,410,44,5,13,0,1055
32,15:30,Wed,Jan,1/22/2025,Tipico,400,55,9,30,0,1183
33,16:00,Wed,Jan,1/22/2025,Tipico,447,50,1,8,0,1199
34,16:30,Wed,Jan,1/22/2025,Tipico,447,10,2,1,0,1201
35,17:00,Wed,Jan,1/22/2025,Tipico,451,4,1,1,0,1109
36,17:30,Wed,Jan,1/22/2025,Tipico,414,0,0,0,0,1061
37,18:00,Wed,Jan,1/22/2025,Tipico,370,0,0,0,0,987
38,18:30,Wed,Jan,1/22/2025,Tipico,396,0,1,0,0,1110
39,19:00,Wed,Jan,1/22/2025,Tipico,374,0,0,0,0,1020
40,19:30,Wed,Jan,1/22/2025,Tipico,380,2,4,0,0,1030
41,20:00,Wed,Jan,1/22/2025,Tipico,291,4,0,0,0,755
42,20:30,Wed,Jan,1/22/2025,Tipico,247,0,0,0,0,622
43,21:00,Wed,Jan,1/22/2025,Tipico,218,2,0,0,0,544
44,21:30,Wed,Jan,1/22/2025,Tipico,149,0,0,0,0,362
45,22:00,Wed,Jan,1/22/2025,Tipico,121,0,0,0,0,313
46,22:30,Wed,Jan,1/22/2025,Atipico,126,0,2,0,0,322
47,23:00,Wed,Jan,1/22/2025,Atipico,78,0,0,0,0,200
48,23:30,Wed,Jan,1/22/2025,Atipico,66,0,0,0,0,155
1,0:00,Thu,Jan,1/23/2025,Tipico,29,0,0,0,0,63
2,0:30,Thu,Jan,1/23/2025,Tipico,18,3,0,0,0,45
3,1:00,Thu,Jan,1/23/2025,Tipico,15,0,0,0,0,36
4,1:30,Thu,Jan,1/23/2025,Atipico,15,0,0,0,0,39
5,2:00,Thu,Jan,1/23/2025,Tipico,11,0,0,0,0,25
6,2:30,Thu,Jan,1/23/2025,Atipico,11,0,0,0,0,25
7,3:00,Thu,Jan,1/23/2025,Atipico,15,0,0,0,0,25
8,3:30,Thu,Jan,1/23/2025,Atipico,12,0,0,0,0,20
9,4:00,Thu,Jan,1/23/2025,Tipico,10,0,0,0,0,17
10,4:30,Thu,Jan,1/23/2025,Tipico,3,0,0,0,0,11
11,5:00,Thu,Jan,1/23/2025,Tipico,6,0,0,0,0,23
12,5:30,Thu,Jan,1/23/2025,Tipico,18,0,0,0,0,44
13,6:00,Thu,Jan,1/23/2025,Tipico,38,0,0,0,0,92
14,6:30,Thu,Jan,1/23/2025,Tipico,57,2,0,0,0,150
15,7:00,Thu,Jan,1/23/2025,Tipico,108,0,1,0,0,237
16,7:30,Thu,Jan,1/23/2025,Tipico,147,0,0,0,0,327
17,8:00,Thu,Jan,1/23/2025,Tipico,220,0,1,0,0,437
18,8:30,Thu,Jan,1/23/2025,Tipico,301,1,1,0,0,579
19,9:00,Thu,Jan,1/23/2025,Tipico,351,6,3,1,0,701
20,9:30,Thu,Jan,1/23/2025,Tipico,381,23,0,9,0,702
21,10:00,Thu,Jan,1/23/2025,Tipico,458,16,4,5,0,831
22,10:30,Thu,Jan,1/23/2025,Tipico,439,6,1,1,0,796
23,11:00,Thu,Jan,1/23/2025,Tipico,370,44,5,20,0,814
24,11:30,Thu,Jan,1/23/2025,Tipico,367,40,5,9,0,805
25,12:00,Thu,Jan,1/23/2025,Tipico,356,3,0,0,0,692
26,12:30,Thu,Jan,1/23/2025,Tipico,312,0,0,0,0,630
27,13:00,Thu,Jan,1/23/2025,Tipico,348,0,2,0,0,707
28,13:30,Thu,Jan,1/23/2025,Tipico,386,0,0,0,0,797
29,14:00,Thu,Jan,1/23/2025,Tipico,377,0,0,1,0,797
30,14:30,Thu,Jan,1/23/2025,Tipico,379,7,5,8,0,870
31,15:00,Thu,Jan,1/23/2025,Tipico,336,63,8,13,0,891
32,15:30,Thu,Jan,1/23/2025,Tipico,413,17,1,1,0,866
33,16:00,Thu,Jan,1/23/2025,Tipico,449,22,1,3,0,"1,028"
34,16:30,Thu,Jan,1/23/2025,Tipico,421,46,17,38,0,"1,180"
35,17:00,Thu,Jan,1/23/2025,Tipico,419,35,3,5,0,1040
36,17:30,Thu,Jan,1/23/2025,Tipico,385,11,1,1,0,1059
37,18:00,Thu,Jan,1/23/2025,Tipico,380,1,0,0,0,962
38,18:30,Thu,Jan,1/23/2025,Tipico,382,0,1,0,0,964
39,19:00,Thu,Jan,1/23/2025,Tipico,361,0,0,2,0,1008
40,19:30,Thu,Jan,1/23/2025,Tipico,341,4,3,0,0,1127
41,20:00,Thu,Jan,1/23/2025,Tipico,329,0,1,0,0,1031
42,20:30,Thu,Jan,1/23/2025,Atipico,209,46,20,46,0,869
43,21:00,Thu,Jan,1/23/2025,Tipico,154,27,2,0,0,719
44,21:30,Thu,Jan,1/23/2025,Tipico,146,4,0,0,0,440
45,22:00,Thu,Jan,1/23/2025,Tipico,139,0,0,0,0,302
46,22:30,Thu,Jan,1/23/2025,Tipico,84,0,1,0,0,231
47,23:00,Thu,Jan,1/23/2025,Tipico,66,0,0,0,0,129
48,23:30,Thu,Jan,1/23/2025,Tipico,36,0,2,0,0,97
1,0:00,Fri,Jan,1/24/2025,Tipico,24,0,0,0,0,54
2,0:30,Fri,Jan,1/24/2025,Tipico,17,1,0,0,0,53
3,1:00,Fri,Jan,1/24/2025,Tipico,16,0,0,0,0,45
4,1:30,Fri,Jan,1/24/2025,Tipico,17,0,0,0,0,36
5,2:00,Fri,Jan,1/24/2025,Tipico,13,0,0,0,0,27
6,2:30,Fri,Jan,1/24/2025,Tipico,3,0,0,0,0,15
7,3:00,Fri,Jan,1/24/2025,Tipico,7,0,0,0,0,14
8,3:30,Fri,Jan,1/24/2025,Tipico,3,0,0,0,0,15
9,4:00,Fri,Jan,1/24/2025,Tipico,3,0,0,0,0,13
10,4:30,Fri,Jan,1/24/2025,Tipico,3,0,0,0,0,19
11,5:00,Fri,Jan,1/24/2025,Atipico,16,0,0,0,0,38
12,5:30,Fri,Jan,1/24/2025,Tipico,16,0,0,0,0,57
13,6:00,Fri,Jan,1/24/2025,Tipico,48,0,0,0,0,145
14,6:30,Fri,Jan,1/24/2025,Tipico,90,0,0,0,0,259
15,7:00,Fri,Jan,1/24/2025,Tipico,128,0,0,0,0,338
16,7:30,Fri,Jan,1/24/2025,Tipico,143,0,0,0,0,339
17,8:00,Fri,Jan,1/24/2025,Tipico,222,0,0,0,0,535
18,8:30,Fri,Jan,1/24/2025,Tipico,327,0,0,0,0,691
19,9:00,Fri,Jan,1/24/2025,Tipico,365,7,2,1,0,738
20,9:30,Fri,Jan,1/24/2025,Tipico,347,20,2,1,0,713
21,10:00,Fri,Jan,1/24/2025,Tipico,391,10,0,0,0,776
22,10:30,Fri,Jan,1/24/2025,Tipico,377,9,1,1,0,750
23,11:00,Fri,Jan,1/24/2025,Tipico,365,3,1,0,0,702
24,11:30,Fri,Jan,1/24/2025,Tipico,368,3,0,0,0,679
25,12:00,Fri,Jan,1/24/2025,Tipico,313,1,1,5,0,604
26,12:30,Fri,Jan,1/24/2025,Tipico,320,4,1,3,0,593
27,13:00,Fri,Jan,1/24/2025,Tipico,309,0,6,14,0,688
28,13:30,Fri,Jan,1/24/2025,Tipico,316,0,4,6,0,628
29,14:00,Fri,Jan,1/24/2025,Tipico,317,0,3,3,0,645
30,14:30,Fri,Jan,1/24/2025,Tipico,358,4,2,5,0,645
31,15:00,Fri,Jan,1/24/2025,Tipico,307,14,1,0,0,635
32,15:30,Fri,Jan,1/24/2025,Tipico,315,5,0,0,0,653
33,16:00,Fri,Jan,1/24/2025,Tipico,343,4,0,1,0,685
34,16:30,Fri,Jan,1/24/2025,Tipico,323,0,0,0,0,690
35,17:00,Fri,Jan,1/24/2025,Tipico,334,0,1,0,0,658
36,17:30,Fri,Jan,1/24/2025,Tipico,256,0,2,0,0,505
37,18:00,Fri,Jan,1/24/2025,Tipico,219,0,0,0,0,485
38,18:30,Fri,Jan,1/24/2025,Tipico,188,0,0,0,0,422
39,19:00,Fri,Jan,1/24/2025,Tipico,186,0,0,0,0,411
40,19:30,Fri,Jan,1/24/2025,Tipico,147,0,1,0,0,325
41,20:00,Fri,Jan,1/24/2025,Tipico,112,0,0,0,0,231
42,20:30,Fri,Jan,1/24/2025,Tipico,113,0,0,0,0,240
43,21:00,Fri,Jan,1/24/2025,Tipico,91,0,0,0,0,199
44,21:30,Fri,Jan,1/24/2025,Tipico,66,0,0,0,0,153
45,22:00,Fri,Jan,1/24/2025,Tipico,36,0,0,0,0,86
46,22:30,Fri,Jan,1/24/2025,Tipico,41,0,0,0,0,98
47,23:00,Fri,Jan,1/24/2025,Tipico,41,0,0,0,0,112
48,23:30,Fri,Jan,1/24/2025,Tipico,17,0,0,0,0,54
1,0:00,Sat,Jan,1/25/2025,Tipico,17,0,0,0,0,40
2,0:30,Sat,Jan,1/25/2025,Tipico,8,0,0,0,0,22
3,1:00,Sat,Jan,1/25/2025,Tipico,11,0,0,0,0,22
4,1:30,Sat,Jan,1/25/2025,Tipico,8,0,0,0,0,14
5,2:00,Sat,Jan,1/25/2025,Tipico,5,0,0,0,0,15
6,2:30,Sat,Jan,1/25/2025,Tipico,5,0,0,0,0,11
7,3:00,Sat,Jan,1/25/2025,Tipico,2,0,0,0,0,5
8,3:30,Sat,Jan,1/25/2025,Tipico,7,0,0,0,0,11
9,4:00,Sat,Jan,1/25/2025,Tipico,6,0,0,0,0,6
10,4:30,Sat,Jan,1/25/2025,Tipico,3,0,0,0,0,8
11,5:00,Sat,Jan,1/25/2025,Tipico,9,0,0,0,0,14
12,5:30,Sat,Jan,1/25/2025,Tipico,9,0,0,0,0,22
13,6:00,Sat,Jan,1/25/2025,Tipico,22,0,0,0,0,76
14,6:30,Sat,Jan,1/25/2025,Tipico,43,0,0,0,0,108
15,7:00,Sat,Jan,1/25/2025,Tipico,54,0,0,0,0,153
16,7:30,Sat,Jan,1/25/2025,Tipico,90,0,1,0,0,225
17,8:00,Sat,Jan,1/25/2025,Tipico,120,1,0,1,0,299
18,8:30,Sat,Jan,1/25/2025,Tipico,152,0,0,0,0,344
19,9:00,Sat,Jan,1/25/2025,Tipico,164,0,0,0,0,442
20,9:30,Sat,Jan,1/25/2025,Tipico,207,0,0,0,0,451
21,10:00,Sat,Jan,1/25/2025,Tipico,185,0,0,0,0,433
22,10:30,Sat,Jan,1/25/2025,Tipico,197,0,0,0,0,421
23,11:00,Sat,Jan,1/25/2025,Tipico,155,0,2,0,0,369
24,11:30,Sat,Jan,1/25/2025,Tipico,172,1,0,0,0,385
25,12:00,Sat,Jan,1/25/2025,Tipico,154,0,0,0,0,354
26,12:30,Sat,Jan,1/25/2025,Tipico,140,0,0,0,0,349
27,13:00,Sat,Jan,1/25/2025,Tipico,144,0,0,0,0,371
28,13:30,Sat,Jan,1/25/2025,Tipico,156,0,1,0,0,489
29,14:00,Sat,Jan,1/25/2025,Tipico,177,0,0,0,0,587
30,14:30,Sat,Jan,1/25/2025,Atipico,244,0,2,2,0,772
31,15:00,Sat,Jan,1/25/2025,Atipico,249,0,2,0,0,809
32,15:30,Sat,Jan,1/25/2025,Atipico,286,0,1,0,0,920
33,16:00,Sat,Jan,1/25/2025,Atipico,346,0,1,0,0,"1,135"
34,16:30,Sat,Jan,1/25/2025,Atipico,331,21,5,6,0,1145
35,17:00,Sat,Jan,1/25/2025,Atipico,323,40,24,63,0,1573
36,17:30,Sat,Jan,1/25/2025,Atipico,290,104,38,168,0,1762
37,18:00,Sat,Jan,1/25/2025,Atipico,273,83,107,306,0,1946
38,18:30,Sat,Jan,1/25/2025,Atipico,118,199,278,657,0,2483
39,19:00,Sat,Jan,1/25/2025,Atipico,112,222,314,826,0,2767
40,19:30,Sat,Jan,1/25/2025,Atipico,119,135,272,832,0,2548
41,20:00,Sat,Jan,1/25/2025,Atipico,97,103,273,751,0,2072
42,20:30,Sat,Jan,1/25/2025,Atipico,56,89,192,530,0,1568
43,21:00,Sat,Jan,1/25/2025,Atipico,45,81,121,419,0,1217
44,21:30,Sat,Jan,1/25/2025,Atipico,53,86,80,268,0,995
45,22:00,Sat,Jan,1/25/2025,Atipico,33,70,54,280,0,919
46,22:30,Sat,Jan,1/25/2025,Atipico,23,75,36,157,0,586
47,23:00,Sat,Jan,1/25/2025,Atipico,22,51,34,96,0,404
48,23:30,Sat,Jan,1/25/2025,Atipico,49,52,10,41,0,296
1,0:00,Sun,Jan,1/26/2025,Atipico,16,26,10,17,0,166
2,0:30,Sun,Jan,1/26/2025,Atipico,11,22,5,11,0,90
3,1:00,Sun,Jan,1/26/2025,Tipico,12,8,0,1,0,50
4,1:30,Sun,Jan,1/26/2025,Tipico,16,0,0,0,0,35
5,2:00,Sun,Jan,1/26/2025,Tipico,13,0,0,0,0,36
6,2:30,Sun,Jan,1/26/2025,Atipico,12,0,0,0,0,34
7,3:00,Sun,Jan,1/26/2025,Tipico,10,0,0,0,0,19
8,3:30,Sun,Jan,1/26/2025,Tipico,9,0,0,0,0,18
9,4:00,Sun,Jan,1/26/2025,Tipico,8,0,0,0,0,24
10,4:30,Sun,Jan,1/26/2025,Tipico,8,0,0,0,0,35
11,5:00,Sun,Jan,1/26/2025,Atipico,15,1,0,0,0,47
12,5:30,Sun,Jan,1/26/2025,Atipico,16,5,2,1,0,67
13,6:00,Sun,Jan,1/26/2025,Atipico,46,6,1,1,0,143
14,6:30,Sun,Jan,1/26/2025,Atipico,65,9,1,1,0,235
15,7:00,Sun,Jan,1/26/2025,Atipico,87,30,4,8,0,314
16,7:30,Sun,Jan,1/26/2025,Atipico,104,26,5,6,0,354
17,8:00,Sun,Jan,1/26/2025,Atipico,157,7,0,0,0,377
18,8:30,Sun,Jan,1/26/2025,Atipico,190,0,1,0,0,421
19,9:00,Sun,Jan,1/26/2025,Atipico,206,0,0,0,0,468
20,9:30,Sun,Jan,1/26/2025,Atipico,182,0,0,0,0,446
21,10:00,Sun,Jan,1/26/2025,Atipico,203,1,0,0,0,434
22,10:30,Sun,Jan,1/26/2025,Atipico,195,0,0,0,0,445
23,11:00,Sun,Jan,1/26/2025,Atipico,185,1,2,0,0,402
24,11:30,Sun,Jan,1/26/2025,Tipico,153,0,0,0,0,357
25,12:00,Sun,Jan,1/26/2025,Tipico,144,0,0,0,0,332
26,12:30,Sun,Jan,1/26/2025,Tipico,103,0,0,0,0,245
27,13:00,Sun,Jan,1/26/2025,Tipico,105,0,0,0,0,288
28,13:30,Sun,Jan,1/26/2025,Tipico,105,0,0,0,0,269
29,14:00,Sun,Jan,1/26/2025,Tipico,126,0,0,0,0,281
30,14:30,Sun,Jan,1/26/2025,Tipico,118,0,1,0,0,255
31,15:00,Sun,Jan,1/26/2025,Tipico,122,0,0,0,0,274
32,15:30,Sun,Jan,1/26/2025,Tipico,131,0,0,0,0,269
33,16:00,Sun,Jan,1/26/2025,Tipico,116,0,1,0,0,270
34,16:30,Sun,Jan,1/26/2025,Tipico,116,0,0,0,0,324
35,17:00,Sun,Jan,1/26/2025,Tipico,147,0,0,0,0,352
36,17:30,Sun,Jan,1/26/2025,Tipico,127,0,0,0,0,292
37,18:00,Sun,Jan,1/26/2025,Tipico,101,0,0,0,0,244
38,18:30,Sun,Jan,1/26/2025,Tipico,139,0,0,0,0,296
39,19:00,Sun,Jan,1/26/2025,Tipico,117,0,0,0,0,262
40,19:30,Sun,Jan,1/26/2025,Atipico,204,1,2,0,0,616
41,20:00,Sun,Jan,1/26/2025,Atipico,147,42,13,32,0,678
42,20:30,Sun,Jan,1/26/2025,Atipico,82,52,9,68,0,503
43,21:00,Sun,Jan,1/26/2025,Atipico,101,31,6,2,0,323
44,21:30,Sun,Jan,1/26/2025,Atipico,79,35,5,10,0,255
45,22:00,Sun,Jan,1/26/2025,Tipico,61,2,1,0,0,172
46,22:30,Sun,Jan,1/26/2025,Tipico,44,0,0,0,0,90
47,23:00,Sun,Jan,1/26/2025,Tipico,35,0,1,0,0,103
48,23:30,Sun,Jan,1/26/2025,Tipico,23,0,0,0,0,68
1,0:00,Mon,Jan,1/27/2025,Tipico,11,0,0,0,0,33
2,0:30,Mon,Jan,1/27/2025,Tipico,9,0,0,0,0,24
3,1:00,Mon,Jan,1/27/2025,Tipico,5,0,0,0,0,15
4,1:30,Mon,Jan,1/27/2025,Tipico,12,0,0,0,0,22
5,2:00,Mon,Jan,1/27/2025,Tipico,4,0,0,0,0,9
6,2:30,Mon,Jan,1/27/2025,Tipico,5,0,0,0,0,6
7,3:00,Mon,Jan,1/27/2025,Tipico,1,0,0,0,0,7
8,3:30,Mon,Jan,1/27/2025,Tipico,7,1,0,0,0,14
9,4:00,Mon,Jan,1/27/2025,Tipico,6,0,0,0,0,25
10,4:30,Mon,Jan,1/27/2025,Tipico,0,0,0,0,0,13
11,5:00,Mon,Jan,1/27/2025,Tipico,7,0,0,0,0,16
12,5:30,Mon,Jan,1/27/2025,Tipico,10,0,0,0,0,29
13,6:00,Mon,Jan,1/27/2025,Tipico,20,0,0,0,0,56
14,6:30,Mon,Jan,1/27/2025,Tipico,44,0,0,0,0,119
15,7:00,Mon,Jan,1/27/2025,Tipico,74,0,0,0,0,181
16,7:30,Mon,Jan,1/27/2025,Tipico,114,0,0,0,0,265
17,8:00,Mon,Jan,1/27/2025,Tipico,227,0,0,0,0,463
18,8:30,Mon,Jan,1/27/2025,Tipico,308,0,0,0,0,606
19,9:00,Mon,Jan,1/27/2025,Tipico,361,2,2,1,0,693
20,9:30,Mon,Jan,1/27/2025,Tipico,360,28,0,3,0,708
21,10:00,Mon,Jan,1/27/2025,Tipico,399,12,2,1,0,741
22,10:30,Mon,Jan,1/27/2025,Tipico,384,21,2,1,0,761
23,11:00,Mon,Jan,1/27/2025,Tipico,414,25,1,0,0,840
24,11:30,Mon,Jan,1/27/2025,Tipico,433,15,1,0,0,770
25,12:00,Mon,Jan,1/27/2025,Tipico,337,0,0,0,0,629
26,12:30,Mon,Jan,1/27/2025,Tipico,293,0,1,0,0,596
27,13:00,Mon,Jan,1/27/2025,Tipico,332,0,0,0,0,667
28,13:30,Mon,Jan,1/27/2025,Tipico,327,0,0,0,0,641
29,14:00,Mon,Jan,1/27/2025,Tipico,369,0,0,1,0,682
30,14:30,Mon,Jan,1/27/2025,Tipico,400,1,1,0,0,776
31,15:00,Mon,Jan,1/27/2025,Tipico,375,0,0,0,0,717
32,15:30,Mon,Jan,1/27/2025,Tipico,374,4,0,0,0,734
33,16:00,Mon,Jan,1/27/2025,Tipico,377,4,0,0,0,726
34,16:30,Mon,Jan,1/27/2025,Tipico,360,5,0,0,0,778
35,17:00,Mon,Jan,1/27/2025,Tipico,341,7,0,0,0,785
36,17:30,Mon,Jan,1/27/2025,Tipico,321,0,0,0,0,911
37,18:00,Mon,Jan,1/27/2025,Tipico,361,0,0,0,0,1041
38,18:30,Mon,Jan,1/27/2025,Tipico,386,0,0,0,0,1082
39,19:00,Mon,Jan,1/27/2025,Tipico,384,1,4,2,0,1092
40,19:30,Mon,Jan,1/27/2025,Tipico,333,21,3,2,0,938
41,20:00,Mon,Jan,1/27/2025,Tipico,303,0,2,0,0,889
42,20:30,Mon,Jan,1/27/2025,Tipico,216,19,3,12,0,638
43,21:00,Mon,Jan,1/27/2025,Tipico,217,1,0,0,0,508
44,21:30,Mon,Jan,1/27/2025,Tipico,131,0,0,0,0,328
45,22:00,Mon,Jan,1/27/2025,Tipico,107,0,0,0,0,310
46,22:30,Mon,Jan,1/27/2025,Atipico,92,0,0,0,0,263
47,23:00,Mon,Jan,1/27/2025,Tipico,65,0,0,0,0,153
48,23:30,Mon,Jan,1/27/2025,Tipico,40,0,0,0,0,98
1,0:00,Tue,Jan,1/28/2025,Tipico,22,3,1,0,0,68
2,0:30,Tue,Jan,1/28/2025,Tipico,21,0,0,0,0,39
3,1:00,Tue,Jan,1/28/2025,Tipico,9,0,0,0,0,23
4,1:30,Tue,Jan,1/28/2025,Tipico,6,0,0,0,0,18
5,2:00,Tue,Jan,1/28/2025,Atipico,15,0,0,0,0,31
6,2:30,Tue,Jan,1/28/2025,Tipico,8,0,0,0,0,25
7,3:00,Tue,Jan,1/28/2025,Tipico,7,0,0,0,0,13
8,3:30,Tue,Jan,1/28/2025,Tipico,5,0,0,0,0,14
9,4:00,Tue,Jan,1/28/2025,Tipico,5,0,0,0,0,16
10,4:30,Tue,Jan,1/28/2025,Tipico,7,0,0,0,0,27
11,5:00,Tue,Jan,1/28/2025,Tipico,15,0,0,0,0,26
12,5:30,Tue,Jan,1/28/2025,Tipico,16,0,0,0,0,44
13,6:00,Tue,Jan,1/28/2025,Tipico,25,0,0,0,0,101
14,6:30,Tue,Jan,1/28/2025,Tipico,62,0,0,0,0,170
15,7:00,Tue,Jan,1/28/2025,Tipico,107,0,0,0,0,294
16,7:30,Tue,Jan,1/28/2025,Tipico,124,0,0,0,0,342
17,8:00,Tue,Jan,1/28/2025,Tipico,295,0,0,0,0,644
18,8:30,Tue,Jan,1/28/2025,Tipico,345,0,0,0,0,731
19,9:00,Tue,Jan,1/28/2025,Tipico,400,0,0,0,0,774
20,9:30,Tue,Jan,1/28/2025,Tipico,390,25,5,11,0,878
21,10:00,Tue,Jan,1/28/2025,Tipico,428,22,4,1,0,841
22,10:30,Tue,Jan,1/28/2025,Tipico,413,2,0,0,0,812
23,11:00,Tue,Jan,1/28/2025,Tipico,423,12,2,0,0,801
24,11:30,Tue,Jan,1/28/2025,Tipico,366,2,0,1,0,727
25,12:00,Tue,Jan,1/28/2025,Tipico,348,0,0,0,0,663
26,12:30,Tue,Jan,1/28/2025,Tipico,340,0,0,0,0,667
27,13:00,Tue,Jan,1/28/2025,Tipico,338,0,0,0,0,650
28,13:30,Tue,Jan,1/28/2025,Tipico,344,0,0,0,0,682
29,14:00,Tue,Jan,1/28/2025,Tipico,393,0,3,0,0,773
30,14:30,Tue,Jan,1/28/2025,Tipico,383,1,1,0,0,734
31,15:00,Tue,Jan,1/28/2025,Tipico,405,2,0,0,0,773
32,15:30,Tue,Jan,1/28/2025,Tipico,389,5,0,0,0,714
33,16:00,Tue,Jan,1/28/2025,Tipico,383,20,5,4,0,846
34,16:30,Tue,Jan,1/28/2025,Tipico,397,27,1,7,0,797
35,17:00,Tue,Jan,1/28/2025,Tipico,372,3,0,4,0,805
36,17:30,Tue,Jan,1/28/2025,Tipico,335,23,0,3,0,714
37,18:00,Tue,Jan,1/28/2025,Tipico,285,10,0,1,0,650
38,18:30,Tue,Jan,1/28/2025,Tipico,284,1,0,0,0,644
39,19:00,Tue,Jan,1/28/2025,Tipico,280,0,0,0,0,620
40,19:30,Tue,Jan,1/28/2025,Tipico,262,0,1,0,0,657
41,20:00,Tue,Jan,1/28/2025,Tipico,221,0,1,0,0,506
42,20:30,Tue,Jan,1/28/2025,Tipico,182,0,0,0,0,421
43,21:00,Tue,Jan,1/28/2025,Tipico,24,0,0,0,0,27
44,21:30,Tue,Jan,1/28/2025,Tipico,0,0,0,0,0,2
45,22:00,Tue,Jan,1/28/2025,Tipico,86,0,1,0,0,243
46,22:30,Tue,Jan,1/28/2025,Tipico,53,0,1,0,0,131
47,23:00,Tue,Jan,1/28/2025,Tipico,41,0,0,0,0,135
48,23:30,Tue,Jan,1/28/2025,Tipico,21,0,0,0,0,41
1,0:00,Wed,Jan,1/29/2025,Tipico,16,0,0,0,0,66
2,0:30,Wed,Jan,1/29/2025,Tipico,9,0,0,0,0,21
3,1:00,Wed,Jan,1/29/2025,Tipico,10,0,0,0,0,19
4,1:30,Wed,Jan,1/29/2025,Tipico,5,0,0,0,0,10
5,2:00,Wed,Jan,1/29/2025,Tipico,1,0,0,0,0,15
6,2:30,Wed,Jan,1/29/2025,Tipico,7,0,0,0,0,17
7,3:00,Wed,Jan,1/29/2025,Tipico,4,0,0,0,0,10
8,3:30,Wed,Jan,1/29/2025,Tipico,2,0,0,0,0,7
9,4:00,Wed,Jan,1/29/2025,Tipico,2,0,0,0,0,6
10,4:30,Wed,Jan,1/29/2025,Tipico,2,0,0,0,0,6
11,5:00,Wed,Jan,1/29/2025,Tipico,4,0,0,0,0,18
12,5:30,Wed,Jan,1/29/2025,Tipico,9,0,0,0,0,31
13,6:00,Wed,Jan,1/29/2025,Tipico,36,0,1,0,0,101
14,6:30,Wed,Jan,1/29/2025,Tipico,47,0,0,0,0,134
15,7:00,Wed,Jan,1/29/2025,Tipico,77,0,0,0,0,195
16,7:30,Wed,Jan,1/29/2025,Tipico,102,0,0,0,0,256
17,8:00,Wed,Jan,1/29/2025,Tipico,178,0,0,0,0,422
18,8:30,Wed,Jan,1/29/2025,Tipico,293,0,0,0,0,616
19,9:00,Wed,Jan,1/29/2025,Tipico,324,6,0,0,0,656
20,9:30,Wed,Jan,1/29/2025,Tipico,398,1,0,0,0,697
21,10:00,Wed,Jan,1/29/2025,Tipico,393,0,0,0,0,758
22,10:30,Wed,Jan,1/29/2025,Tipico,438,0,0,1,0,779
23,11:00,Wed,Jan,1/29/2025,Tipico,373,0,0,0,0,723
24,11:30,Wed,Jan,1/29/2025,Tipico,360,7,3,2,0,698
25,12:00,Wed,Jan,1/29/2025,Tipico,363,1,0,0,0,686
26,12:30,Wed,Jan,1/29/2025,Tipico,300,0,0,0,0,579
27,13:00,Wed,Jan,1/29/2025,Tipico,310,0,0,0,0,640
28,13:30,Wed,Jan,1/29/2025,Tipico,332,0,0,0,0,640
29,14:00,Wed,Jan,1/29/2025,Tipico,364,0,0,0,0,665
30,14:30,Wed,Jan,1/29/2025,Tipico,359,0,0,0,0,774
31,15:00,Wed,Jan,1/29/2025,Tipico,343,49,5,6,0,861
32,15:30,Wed,Jan,1/29/2025,Tipico,378,30,3,13,0,844
33,16:00,Wed,Jan,1/29/2025,Tipico,354,14,3,1,0,832
34,16:30,Wed,Jan,1/29/2025,Tipico,354,24,2,3,0,772
35,17:00,Wed,Jan,1/29/2025,Tipico,334,0,0,0,0,704
36,17:30,Wed,Jan,1/29/2025,Tipico,336,12,1,7,0,691
37,18:00,Wed,Jan,1/29/2025,Tipico,293,0,0,0,0,606
38,18:30,Wed,Jan,1/29/2025,Tipico,237,0,1,0,0,512
39,19:00,Wed,Jan,1/29/2025,Tipico,244,0,0,0,0,593
40,19:30,Wed,Jan,1/29/2025,Tipico,265,0,0,0,0,685
41,20:00,Wed,Jan,1/29/2025,Tipico,203,0,1,0,0,491
42,20:30,Wed,Jan,1/29/2025,Tipico,142,2,2,0,0,415
43,21:00,Wed,Jan,1/29/2025,Tipico,123,4,0,0,0,279
44,21:30,Wed,Jan,1/29/2025,Tipico,92,0,0,0,0,201
45,22:00,Wed,Jan,1/29/2025,Tipico,77,0,0,0,0,184
46,22:30,Wed,Jan,1/29/2025,Tipico,48,0,0,0,0,126
47,23:00,Wed,Jan,1/29/2025,Tipico,38,0,0,0,0,108
48,23:30,Wed,Jan,1/29/2025,Tipico,32,0,0,0,0,76
1,0:00,Thu,Jan,1/30/2025,Tipico,10,0,0,0,0,28
2,0:30,Thu,Jan,1/30/2025,Tipico,14,0,0,0,0,25
3,1:00,Thu,Jan,1/30/2025,Tipico,6,0,0,0,0,20
4,1:30,Thu,Jan,1/30/2025,Tipico,8,0,0,0,0,16
5,2:00,Thu,Jan,1/30/2025,Tipico,6,0,0,0,0,15
6,2:30,Thu,Jan,1/30/2025,Tipico,7,0,0,0,0,16
7,3:00,Thu,Jan,1/30/2025,Tipico,5,0,0,0,0,9
8,3:30,Thu,Jan,1/30/2025,Tipico,4,0,0,0,0,9
9,4:00,Thu,Jan,1/30/2025,Tipico,2,0,0,0,0,4
10,4:30,Thu,Jan,1/30/2025,Tipico,3,0,0,0,0,15
11,5:00,Thu,Jan,1/30/2025,Tipico,5,0,0,0,0,23
12,5:30,Thu,Jan,1/30/2025,Tipico,3,0,0,0,0,19
13,6:00,Thu,Jan,1/30/2025,Tipico,28,0,0,0,0,81
14,6:30,Thu,Jan,1/30/2025,Tipico,26,0,1,0,0,93
15,7:00,Thu,Jan,1/30/2025,Tipico,48,0,0,0,0,151
16,7:30,Thu,Jan,1/30/2025,Tipico,93,0,1,0,0,221
17,8:00,Thu,Jan,1/30/2025,Tipico,179,0,0,0,0,382
18,8:30,Thu,Jan,1/30/2025,Tipico,268,0,0,0,0,511
19,9:00,Thu,Jan,1/30/2025,Tipico,267,0,0,0,0,493
20,9:30,Thu,Jan,1/30/2025,Tipico,327,3,0,0,0,592
21,10:00,Thu,Jan,1/30/2025,Tipico,357,8,0,0,0,700
22,10:30,Thu,Jan,1/30/2025,Tipico,338,0,0,0,0,589
23,11:00,Thu,Jan,1/30/2025,Tipico,326,0,0,0,0,601
24,11:30,Thu,Jan,1/30/2025,Tipico,322,0,2,1,0,581
25,12:00,Thu,Jan,1/30/2025,Tipico,263,1,0,0,0,513
26,12:30,Thu,Jan,1/30/2025,Tipico,281,0,0,0,0,544
27,13:00,Thu,Jan,1/30/2025,Tipico,244,0,1,0,0,527
28,13:30,Thu,Jan,1/30/2025,Tipico,319,0,0,0,0,597
29,14:00,Thu,Jan,1/30/2025,Tipico,309,0,0,0,0,609
30,14:30,Thu,Jan,1/30/2025,Tipico,380,1,0,0,0,770
31,15:00,Thu,Jan,1/30/2025,Tipico,373,0,0,0,0,753
32,15:30,Thu,Jan,1/30/2025,Tipico,317,0,1,0,0,685
33,16:00,Thu,Jan,1/30/2025,Tipico,357,6,1,2,0,717
34,16:30,Thu,Jan,1/30/2025,Tipico,308,21,2,1,0,672
35,17:00,Thu,Jan,1/30/2025,Tipico,326,6,0,0,0,650
36,17:30,Thu,Jan,1/30/2025,Tipico,237,5,0,0,0,501
37,18:00,Thu,Jan,1/30/2025,Tipico,237,0,2,0,0,514
38,18:30,Thu,Jan,1/30/2025,Tipico,242,0,0,0,0,585
39,19:00,Thu,Jan,1/30/2025,Tipico,273,0,1,0,0,607
40,19:30,Thu,Jan,1/30/2025,Tipico,241,0,1,0,0,500
41,20:00,Thu,Jan,1/30/2025,Tipico,219,1,1,0,0,517
42,20:30,Thu,Jan,1/30/2025,Tipico,158,0,0,0,0,393
43,21:00,Thu,Jan,1/30/2025,Tipico,106,0,7,0,0,291
44,21:30,Thu,Jan,1/30/2025,Tipico,121,0,1,0,0,321
45,22:00,Thu,Jan,1/30/2025,Tipico,83,0,1,0,0,238
46,22:30,Thu,Jan,1/30/2025,Tipico,67,0,3,1,0,164
47,23:00,Thu,Jan,1/30/2025,Tipico,32,0,0,0,0,104
48,23:30,Thu,Jan,1/30/2025,Tipico,35,0,0,0,0,75
1,0:00,Fri,Jan,1/31/2025,Tipico,18,0,1,0,0,53
2,0:30,Fri,Jan,1/31/2025,Tipico,14,0,0,0,0,30
3,1:00,Fri,Jan,1/31/2025,Tipico,7,0,0,0,0,16
4,1:30,Fri,Jan,1/31/2025,Tipico,7,0,0,0,0,22
5,2:00,Fri,Jan,1/31/2025,Tipico,5,0,0,0,0,20
6,2:30,Fri,Jan,1/31/2025,Tipico,5,0,0,0,0,15
7,3:00,Fri,Jan,1/31/2025,Tipico,2,0,0,0,0,9
8,3:30,Fri,Jan,1/31/2025,Tipico,4,0,0,0,0,20
9,4:00,Fri,Jan,1/31/2025,Tipico,3,0,0,0,0,12
10,4:30,Fri,Jan,1/31/2025,Tipico,5,0,0,0,0,12
11,5:00,Fri,Jan,1/31/2025,Tipico,1,0,0,0,0,10
12,5:30,Fri,Jan,1/31/2025,Tipico,7,0,0,0,0,26
13,6:00,Fri,Jan,1/31/2025,Tipico,24,0,0,0,0,70
14,6:30,Fri,Jan,1/31/2025,Tipico,41,0,0,0,0,92
15,7:00,Fri,Jan,1/31/2025,Tipico,57,0,0,0,0,165
16,7:30,Fri,Jan,1/31/2025,Tipico,97,0,0,0,0,226
17,8:00,Fri,Jan,1/31/2025,Tipico,158,1,0,0,0,367
18,8:30,Fri,Jan,1/31/2025,Tipico,217,0,0,0,0,466
19,9:00,Fri,Jan,1/31/2025,Tipico,302,1,1,0,0,591
20,9:30,Fri,Jan,1/31/2025,Tipico,283,1,0,0,0,561
21,10:00,Fri,Jan,1/31/2025,Tipico,324,1,0,0,0,619
22,10:30,Fri,Jan,1/31/2025,Tipico,338,0,0,0,0,638
23,11:00,Fri,Jan,1/31/2025,Tipico,308,0,2,0,0,583
24,11:30,Fri,Jan,1/31/2025,Tipico,283,0,1,0,0,532
25,12:00,Fri,Jan,1/31/2025,Tipico,216,0,2,0,0,465
26,12:30,Fri,Jan,1/31/2025,Tipico,290,0,0,0,0,577
27,13:00,Fri,Jan,1/31/2025,Tipico,245,0,0,0,0,508
28,13:30,Fri,Jan,1/31/2025,Tipico,315,0,0,0,0,627
29,14:00,Fri,Jan,1/31/2025,Tipico,314,0,0,0,0,629
30,14:30,Fri,Jan,1/31/2025,Tipico,282,0,0,0,0,565
31,15:00,Fri,Jan,1/31/2025,Tipico,316,0,0,0,0,614
32,15:30,Fri,Jan,1/31/2025,Tipico,307,0,0,0,0,600
33,16:00,Fri,Jan,1/31/2025,Tipico,285,0,0,0,0,629
34,16:30,Fri,Jan,1/31/2025,Tipico,280,0,0,0,0,623
35,17:00,Fri,Jan,1/31/2025,Tipico,285,0,0,0,0,615
36,17:30,Fri,Jan,1/31/2025,Tipico,266,0,0,0,0,621
37,18:00,Fri,Jan,1/31/2025,Tipico,216,0,0,0,0,583
38,18:30,Fri,Jan,1/31/2025,Tipico,235,0,0,0,0,700
39,19:00,Fri,Jan,1/31/2025,Tipico,237,0,0,0,0,697
40,19:30,Fri,Jan,1/31/2025,Tipico,203,0,0,0,0,531
41,20:00,Fri,Jan,1/31/2025,Tipico,196,0,0,0,0,455
42,20:30,Fri,Jan,1/31/2025,Tipico,148,0,0,0,0,305
43,21:00,Fri,Jan,1/31/2025,Tipico,87,0,0,0,0,193
44,21:30,Fri,Jan,1/31/2025,Tipico,74,0,0,0,0,165
45,22:00,Fri,Jan,1/31/2025,Tipico,67,0,0,0,0,139
46,22:30,Fri,Jan,1/31/2025,Tipico,38,0,0,0,0,73
47,23:00,Fri,Jan,1/31/2025,Tipico,33,0,0,0,0,78
48,23:30,Fri,Jan,1/31/2025,Tipico,36,0,0,0,0,79
